RBS_Name,RBS_sequence,TIR
BCD2,GGGCCCAAGUUCACUUAAAAAGGAGAUCAACAAUGAAAGCAAUUUUCGUACUGAAACAUCUUAAUCAUGCUAAGGAGGUUUUCUA,287840.97
synthetic_RBS_1,UUGGCAACGGCUUAUGGGAGGUAUGACA,232702.7101
synthetic_RBS_2,UUGGCAACGGGUUAUGGGAGGUAUGACA,190041.305
synthetic_RBS_3,UUGGCAACGGGUUAUGGGAGGUAUGUCA,162396.478
synthetic_RBS_4,UUGGCAACGGCUUAUGGGAGGGAUGACA,120084.4991
synthetic_RBS_5,UUGGCAACGGGUUAUGGGAGGGAUGACA,85298.89117
synthetic_RBS_6,UUGGCAACGGCUUAUGGGAGGUAUGUCA,78686.23401
synthetic_RBS_7,UUGGCAACGGCUUAUCGGAGGUAUGACA,73526.53956
synthetic_RBS_8,UUGGCAACGGGUUAUGGGAGGGAUGUCA,72890.67766
synthetic_RBS_9,UUGGCAACGGGUUAUCGGAGGUAUGACA,54386.51495
BCD19,GGGCCCAAGUUCACUUAAAAAGGAGAUCAACAAUGAAAGCAAUUUUCGUACUGAAACAUCUUAAUCAUGCUAUGGAGGUUUUCUA,53959.87
synthetic_RBS_10,UUGGCAACGGGUUAUGGGAGGUAUGCCA,53130.914
synthetic_RBS_11,UUGGCAACGGCUUAUGGGAGGGAUGUCA,48396.12034
synthetic_RBS_12,UUGGCAACGGCUUAUCGGAGGUAUGUCA,39701.93093
synthetic_RBS_13,ΤΤGGCAACGGCΤΤAΤCGGAGGGAΤGACA,37433.98659
synthetic_RBS_14,UUGGCAACGGGUUAUCGGAGGGAUGACA,31126.53073
synthetic_RBS_15,UUGGCAACGGGUUAUCGGAGGUAUGUCA,30580.84267
BCD6,GGGCCCAAGUUCACUUAAAAAGGAGAUCAACAAUGAAAGCAAUUUUCGUACUGAAACAUCUUAAUCAUGCGCCGGAGGUUUUCUA,30195.18
BCD17,GGGCCCAAGUUCACUUAAAAAGGAGAUCAACAAUGAAAGCAAUUUUCGUACUGAAACAUCUUAAUCAUGCGGAGGAGGGUUUCUA,27720.55
synthetic_RBS_16,UUGGCAACGGGUUAUGGGAGGGAUGCCA,23847.48964
synthetic_RBS_17,UUGGCAACGGGUUAUGGGACGGAUGACA,23334.70514
synthetic_RBS_18,UUGGCAACGGCUUAUGGGAGGUAUGCCA,21309.81371
synthetic_RBS_19,UUGGCAACGGCUUAUCGGAGGGAUGUCA,20580.30016
synthetic_RBS_20,UUGGCAACGGGUUAUGGGACGUAUGACA,19580.10876
synthetic_RBS_21,UUGGCAACGGGUUAUCGGAGGGAUGUCA,18808.8064
synthetic_RBS_22,UUGGCAACGGGUUAUCGGAGGUAUGCCA,18368.78346
BCD5,GGGCCCAAGUUCACUUAAAAAGGAGAUCAACAAUGAAAGCAAUUUUCGUACUGAAACAUCUUAAUCAUGCAGGGGAGGGUUUCUA,17595.25
BCD7,GGGCCCAAGUUCACUUAAAAAGGAGAUCAACAAUGAAAGCAAUUUUCGUACUGAAACAUCUUAAUCAUGCUGGGGAGGGUUUCUA,17595.25
synthetic_RBS_23,UUGGCAACGGGUUAUGGGCGGUAUGACA,17184.3856
synthetic_RBS_24,UUGGCAACGGGUUAUGGGCGGUAUGUCA,14229.21627
synthetic_RBS_25,UUGGCAACGGCUUAUGGGACGGAUGACA,13969.6957
synthetic_RBS_26,UUGGCAACGGCUUAUGGGAGGGAUGCCA,13106.64212
BCD12,GGGCCCAAGUUCACUUAAAAAGGAGAUCAACAAUGAAAGCAAUUUUCGUACUGAAACAUCUUAAUCAUGCUGCGGAGGGUUUCUA,12782.75
synthetic_RBS_27,UUGGCAACGGGUUAUGGGACGGAUGUCA,11058.30802
synthetic_RBS_28,UUGGCAACGGCUUAUCGGAGGUAUGCCA,10752.07857
BCD1,GGGCCCAAGUUCACUUAAAAAGGAGAUCAACAAUGAAAGCAAUUUUCGUACUGAAACAUCUUAAUCAUGCACAGGAGACUUUCUA,9455.22
BCD13,GGGCCCAAGUUCACUUAAAAAGGAGAUCAACAAUGAAAGCAAUUUUCGUACUGAAACAUCUUAAUCAUGCAAUGGAGGCUUUCUA,9286.53
synthetic_RBS_29,UUGGCAACGGGUUAUCGGACGUAUGACA,9234.431511
synthetic_RBS_30,UUGGCAACGGGUUAUGGGCGGGAUGACA,8592.088348
BCD11,GGGCCCAAGUUCACUUAAAAAGGAGAUCAACAAUGAAAGCAAUUUUCGUACUGAAACAUCUUAAUCAUGCGGGGGAGUGUUUCUA,8478.39
synthetic_RBS_31,UUGGCAACGGGUUAUCGGACGGAUGACA,8251.027196
synthetic_RBS_32,UUGGCAACGGGUUAUCGGAGGGAUGCCA,8244.717439
synthetic_RBS_33,UUGGCAACGGGUUAUCGGCGGUAUGACA,8068.160555
synthetic_RBS_34,UUGGCAACGGCUUAUGGGCGGUAUGACA,7782.845012
synthetic_RBS_35,UUGGCAACGGCUUAUCGGACGGAUGACA,7373.013058
synthetic_RBS_36,UUGGCAACGGCUUAUGGGACGUAUGACA,6769.369297
synthetic_RBS_37,UUGGCAACGGGUUAUGGGCGGGAUGUCA,6740.490172
BCD9,GGGCCCAAGUUCACUUAAAAAGGAGAUCAACAAUGAAAGCAAUUUUCGUACUGAAACAUCUUAAUCAUGCAGAGGAGUCUUUCUA,6716.26
synthetic_RBS_38,UUGGCAACGGGUUAUGGGACGUAUGUCA,6620.830435
BBa_K2656009,UACUAUUAAAGAGGAGAAAUACUAG,6474.38
BCD18,GGGCCCAAGUUCACUUAAAAAGGAGAUCAACAAUGAAAGCAAUUUUCGUACUGAAACAUCUUAAUCAUGCGACGGAGCGUUUCUA,6243.18
synthetic_RBS_39,UUGGCAACGGCUUAUCGGAGGGAUGCCA,6181.394801
BBa_J61106,UCUAGAGAAAGAUAGGAGACACUAGAUG,6088.9
synthetic_RBS_40,UUGGCAACGGCUUAUGGGCGGGAUGACA,6075.761206
BCD22,GGGCCCAAGUUCACUUAAAAAGGAGAUCAACAAUGAAAGCAAUUUUCGUACUGAAACAUCUUAAUCAUGCCUAGGAAGUUUUCUA,5921.09
synthetic_RBS_41,UUGGCAACGGGUUAUCGGACGGAUGUCA,5889.192866
BBa_J61122,UCUAGAGAAAGAGAGGAGCCACUAGAUG,5873.58
BCD20,GGGCCCAAGUUCACUUAAAAAGGAGAUCAACAAUGAAAGCAAUUUUCGUACUGAAACAUCUUAAUCAUGCUGAGGAAAGUUUCUA,5809.43
synthetic_RBS_42,UUGGCAACGGGUUAUCGGCGGGAUGACA,5577.823234
BCD16,GGGCCCAAGUUCACUUAAAAAGGAGAUCAACAAUGAAAGCAAUUUUCGUACUGAAACAUCUUAAUCAUGCUUAGGAGUCUUUCUA,5435.82
BCD24,GGGCCCAAGUUCACUUAAAAAGGAGAUCAACAAUGAAAGCAAUUUUCGUACUGAAACAUCUUAAUCAUGCGAUGGACGGUUUCUA,5278.64
BCD23,GGGCCCAAGUUCACUUAAAAAGGAGAUCAACAAUGAAAGCAAUUUUCGUACUGAAACAUCUUAAUCAUGCGAAGGACAGUUUCUA,5126.92
synthetic_RBS_43,UUGGCAACGGCUUAUGGGACGGAUGUCA,4723.721793
synthetic_RBS_44,UUGGCAACGGGUUAUCGGCGGUAUGUCA,4536.623624
BCD10,GGGCCCAAGUUCACUUAAAAAGGAGAUCAACAAUGAAAGCAAUUUUCGUACUGAAACAUCUUAAUCAUGCGGAGGAUCGUUUCUA,4368.32
synthetic_RBS_45,UUGGCAACGGCUUAUCGGCGGUAUGACA,4107.678444
BCD21,GGGCCCAAGUUCACUUAAAAAGGAGAUCAACAAUGAAAGCAAUUUUCGUACUGAAACAUCUUAAUCAUGCGAGGGAUGGUUUCUA,3962.77
synthetic_RBS_46,UUGGCAACGGGUUAUGGGCGGUAUGCCA,3853.556937
synthetic_RBS_47,UUGGCAACGGGUUAUGGGACGGAUGCCA,3700.257982
synthetic_RBS_48,UUGGCAACGGCUUAUCGGACGUAUGACA,3572.780106
synthetic_RBS_49,UUGGCAACGGCUUAUCGGCGGGAUGACA,3524.549768
synthetic_RBS_50,UUGGCAACGGGUUAUCGGCGGGAUGUCA,3447.211306
BCD15,GGGCCCAAGUUCACUUAAAAAGGAGAUCAACAAUGAAAGCAAUUUUCGUACUGAAACAUCUUAAUCAUGCGGGGGAGUCUUUCUA,3373.54
synthetic_RBS_51,UUGGCAACGGGUUAUCGGACGUAUGUCA,3122.536547
Bba_K2656008,UACUGAAAGAGGGGACAAUACUAG,3020.39
BBa_J61100,UCUAGAGAAAGAGGGGACAAACUAGAUG,2963.57
synthetic_RBS_52,UUGGCAACGGCUUAUGGGCGGUAUGUCA,2631.695599
BBa_J61135,UCUAGAGAAAGACCGGAGACACUAGAUG,2612.7
BBa_J61116,UCUAGAGAAAGACAUGAGGCACUAGAUG,2577.66
synthetic_RBS_53,UUGGCAACGGCUUAUCGGACGGAUGUCA,2493.115327
BBa_J61101,UCUAGAGAAAGACAGGACCCACUAGAUG,2366.41
BBa_J61132,UCUAGAGAAAGACAGGAUUAACUAGAUG,2366.41
synthetic_RBS_54,UUGGCAACGGCUUAUGGGACGUAUGUCA,2288.998841
BCD8,GGGCCCAAGUUCACUUAAAAAGGAGAUCAACAAUGAAAGCAAUUUUCGUACUGAAACAUCUUAAUCAUGCAUCGGACCGUUUCUA,2190.04
BBa_J61104,UCUAGAGAAAGAAGGGACAGACUAGAUG,2162.71
BBa_J61115,UCUAGAGAAAGAAGGGAUACACUAGAUG,2162.71
synthetic_RBS_55,UUGGCAACGGCUUAUGGGCGGGAUGUCA,2054.461319
synthetic_RBS_56,UUGGCAACGGGUUAUGGGCCGGAUGACA,2053.814364
BCD14,GGGCCCAAGUUCACUUAAAAAGGAGAUCAACAAUGAAAGCAAUUUUCGUACUGAAACAUCUUAAUCAUGCGGUGGAGGGUUUCUA,2019.63
Bba_K2656012,UACUAAAGACAGGACCUACUAG,1970.69
synthetic_RBS_57,UUGGCAACGGGUUAUGGGCGGGAUGCCA,1825.459826
synthetic_RBS_58,UUGGCAACGGGUUAUCGGCGGUAUGCCA,1817.426355
BBa_J61129,UCUAGAGAAAGAUUGGACGUACUAGAUG,1798.31
Bba_K2656010,UACUUCACACAGGAAAGUACUAGAAUG,1798.06
synthetic_RBS_59,UUGGCAACGGGUUAUGGGACGUAUGCCA,1793.053572
synthetic_RBS_60,UUGGCAACGGGUUAUCGGACGGAUGCCA,1745.127031
BBa_J61109,UCUAGAGAAAGACUGGAGACACUAGAUG,1688.5
BBa_K2656011,UACUAAAGAGGAGAAAUACUAG,1558.09
synthetic_RBS_61,UUGGCAACGGCUUAUCGGCGGUAUGUCA,1388.972704
synthetic_RBS_62,UUGGCAACGGCUUAUGGGACGGAUGCCA,1279.278805
synthetic_RBS_63,UUGGCAACGGCUUAUCGGACGUAUGUCA,1208.102138
synthetic_RBS_64,UUGGCAACGGCUUAUCGGCGGGAUGUCA,1191.793501
BBa_J61128,UCUAGAGAAAGAUAGGACUCACUAGAUG,1183.3
BBa_J61113,UCUAGAGAAAGAGUGGAAAAACUAGAUG,1015.41
synthetic_RBS_65,UUGGCAACGGGUUAUCGGCCGGAUGACA,968.6262626
synthetic_RBS_66,UUGGCAACGGGUUAUGGGCCGUAUGACA,964.3635902
synthetic_RBS_67,UUGGCAACGGGUUAUCGGCGGGAUGCCA,933.5739081
BBa_J61114,UCUAGAGAAAGAUGAGAAGAACUAGAUG,932.14
synthetic_RBS_68,UUGGCAACGGGUUAUCGGACGUAUGCCA,845.6454764
BBa_J61120,UCUAGAGAAAGACGCGAGAAACUAGAUG,771.64
BBa_J61117,UCUAGAGAAAGACAUGAGUUACUAGAUG,754.47
synthetic_RBS_69,UUGGCAACGGCUUAUGGGCGGUAUGCCA,712.7162167
synthetic_RBS_70,UUGGCAACGGGUUAUGGGCCGGAUGUCA,694.4780958
synthetic_RBS_71,UUGGCAACGGCUUAUCGGACGGAUGCCA,675.1857405
BBa_J61134,UCUAGAGAAAGACCGGAAAUACUAGAUG,624.53
synthetic_RBS_72,UUGGCAACGGCUUAUGGGACGUAUGCCA,619.9067606
synthetic_RBS_73,UUGGCAACGGCUUAUGGGCGGGAUGCCA,556.3894186
BBa_J61127,UCUAGAGAAAGAGUGGAACUACUAGAUG,543.2
BBa_J61105,UCUAGAGAAAGACAUGACGUACUAGAUG,531.12
BBa_J61108,UCUAGAGAAAGACGAGAUAUACUAGAUG,503.16
BBa_J61110,UCUAGAGAAAGAGGCGAAUUACUAGAUG,459.57
synthetic_RBS_74,UUGGCAACGGGUUAUCGGCCGUAUGACA,454.8161297
synthetic_RBS_75,UUGGCAACGGCUUAUGGGCCGGAUGACA,430.8663449
BBa_J61103,UCUAGAGAAAGAUUAGACAAACUAGAUG,407.24
BBa_J61133,UCUAGAGAAAGACCCGAGACACUAGAUG,389.34
BBa_J61111,UCUAGAGAAAGAGGCGAUACACUAGAUG,383.84
synthetic_RBS_76,UUGGCAACGGCUUAUCGGCGGUAUGCCA,376.1618066
BBa_J61112,UCUAGAGAAAGAGGUGACAUACUAGAUG,366.62
synthetic_RBS_77,UUGGCAACGGGUUAUCGGCCGGAUGUCA,327.5319007
synthetic_RBS_78,UUGGCAACGGCUUAUCGGACGUAUGCCA,327.178271
synthetic_RBS_79,UUGGCAACGGGUUAUGGGCCGUAUGUCA,326.090518
synthetic_RBS_80,UUGGCAACGGCUUAUCGGCGGGAUGCCA,322.7615652
BBa_J61136,UCUAGAGAAAGAGCUGAGCAACUAGAUG,313.98
BBa_J61130,UCUAGAGAAAGAAACGACAUACUAGAUG,299.89
BBa_J61138,UCUAGAGAAAGAUAUGAAUAACUAGAUG,299.89
BBa_J61119,UCUAGAGAAAGAUUUGAUAUACUAGAUG,284.13
BBa_J61137,UCUAGAGAAAGAGUAGAUCAACUAGAUG,281.56
BBa_J61107,UCUAGAGAAAGAAGAGACUCACUAGAUG,274.6
BBa_J61139,UCUAGAGAAAGAUUAGAGUCACUAGAUG,255.04
synthetic_RBS_81,UUGGCAACGGCUUAUCGGCCGGAUGACA,227.4053308
synthetic_RBS_82,UUGGCAACGGGUUAUGGGCCGGAUGCCA,188.0785866
synthetic_RBS_83,UUGGCAACGGCUUAUGGGCCGUAUGACA,157.242143
BBa_J61131,UCUAGAGAAAGAACCGAAUUACUAGAUG,155.45
synthetic_RBS_84,UUGGCAACGGGUUAUCGGCCGUAUGUCA,153.7918155
BBa_J61125,UCUAGAGAAAGAGCCGAGUUACUAGAUG,152.82
synthetic_RBS_85,UUGGCAACGGCUUAUGGGCCGGAUGUCA,145.6933887
BBa_J61121,UCUAGAGAAAGAGACGAGUCACUAGAUG,142.2
BBa_J61123,UCUAGAGAAAGAGAUGACUAACUAGAUG,135.33
synthetic_RBS_86,UUGGCAACGGGUUAUCGGCCGGAUGCCA,88.70220287
synthetic_RBS_87,UUGGCAACGGGUUAUGGGCCGUAUGCCA,88.31184754
synthetic_RBS_88,UUGGCAACGGCUUAUCGGCCGUAUGACA,82.9902404
synthetic_RBS_89,UUGGCAACGGCUUAUCGGCCGGAUGUCA,76.89496675
BBa_J61124,UCUAGAGAAAGAGCCGACAUACUAGAUG,68.59
synthetic_RBS_90,UUGGCAACGGCUUAUGGGCCGUAUGUCA,53.16996969
BBa_J61118,UCUAGAGAAAGAGACGAAUCACUAGAUG,52.6
synthetic_RBS_91,UUGGCAACGGGUUAUCGGCCGUAUGCCA,41.64990581
BBa_J61126,UCUAGAGAAAGAGGUGACUCACUAGAUG,40.22
BBa_J61102,UCUAGAGAAAGAUCCGAUGUACUAGAUG,40.11
synthetic_RBS_92,UUGGCAACGGCUUAUGGGCCGGAUGCCA,39.45668955
synthetic_RBS_93,UUGGCAACGGCUUAUCGGCCGUAUGUCA,28.06237871
synthetic_RBS_94,UUGGCAACGGCUUAUCGGCCGGAUGCCA,20.82469807
synthetic_RBS_95,UUGGCAACGGCUUAUGGGCCGUAUGCCA,14.39949338
synthetic_RBS_96,UUGGCAACGGCUUAUCGGCCGUAUGCCA,7.599854561
