paper_RBS_22_train_0,TAAAAACAGGAGAGGAAAGATG
paper_RBS_22_train_1,TAAAAACAGGAGATTGGTCATG
paper_RBS_22_train_2,TAAAAGAAGGAGAGACCTAATG
paper_RBS_22_train_3,TAAAAGCAGGAGACTTGTTATG
paper_RBS_22_train_4,TAAAAGCAGGAGAGGCACCATG
paper_RBS_22_train_5,TAAAGACAGGAGAGAGACTATG
paper_RBS_22_train_6,TAAAGGAAGGAGAAGTCTTATG
paper_RBS_22_train_7,TAAAGGAAGGAGAGTTTAAATG
paper_RBS_22_train_8,TAAAGGAAGGAGATACCAGATG
paper_RBS_22_train_9,TAAAGGAAGGAGGAATGGGATG
paper_RBS_22_train_10,TAAAGGAAGGAGGATTTGGATG
paper_RBS_22_train_11,TAAAGGCAGGAGAATTTGGATG
paper_RBS_22_train_12,TAAAGGCAGGAGGAATACGATG
paper_RBS_22_train_13,TAAGAACAGGAGACTATGGATG
paper_RBS_22_train_14,TAAGAACAGGAGGATAAAGATG
paper_RBS_22_train_15,TAAGAACAGGAGGGAACGTATG
paper_RBS_22_train_16,TAAGAGAAGGAGGTGTGGGATG
paper_RBS_22_train_17,TAAGAGCAGGAGAGATGATATG
paper_RBS_22_train_18,TAAGAGCAGGAGATAAGTGATG
paper_RBS_22_train_19,TAAGAGCAGGAGATTAGGGATG
paper_RBS_22_train_20,TAAGAGCAGGAGATTTTGGATG
paper_RBS_22_train_21,TAAGGAAAGGAGAGTTGTGATG
paper_RBS_22_train_22,TAAGGAAAGGAGATTACGGATG
paper_RBS_22_train_23,TAAGGAAAGGAGGATTGGGATG
paper_RBS_22_train_24,TAAGGAAAGGAGGGTGTGGATG
paper_RBS_22_train_25,TAAGGAAAGGAGGTGATTTATG
paper_RBS_22_train_26,TAAGGACAGGAGAAAGGGCATG
paper_RBS_22_train_27,TAAGGACAGGAGAATGGAGATG
paper_RBS_22_train_28,TAAGGACAGGAGACTTAGCATG
paper_RBS_22_train_29,TAAGGACAGGAGAGAGGTGATG
paper_RBS_22_train_30,TAAGGACAGGAGAGTTTGGATG
paper_RBS_22_train_31,TAAGGACAGGAGATGATGTATG
paper_RBS_22_train_32,TAAGGACAGGAGATGGTGAATG
paper_RBS_22_train_33,TAAGGACAGGAGGAAACGTATG
paper_RBS_22_train_34,TAAGGACAGGAGGGATTCAATG
paper_RBS_22_train_35,TAAGGACAGGAGGGTGGTTATG
paper_RBS_22_train_36,TAAGGACAGGAGGTCTAAGATG
paper_RBS_22_train_37,TAAGGAGAGGAGATGTCGCATG
paper_RBS_22_train_38,TAAGGGAAGGAGAACGCTAATG
paper_RBS_22_train_39,TAAGGGAAGGAGAAGGAAAATG
paper_RBS_22_train_40,TAAGGGAAGGAGAAGTCGTATG
paper_RBS_22_train_41,TAAGGGAAGGAGAATGGTTATG
paper_RBS_22_train_42,TAAGGGAAGGAGATCGTCGATG
paper_RBS_22_train_43,TAAGGGAAGGAGATTTGTAATG
paper_RBS_22_train_44,TAAGGGAAGGAGGATTGGGATG
paper_RBS_22_train_45,TAAGGGAAGGAGGCAGGAGATG
paper_RBS_22_train_46,TAAGGGAAGGAGGGAAAAGATG
paper_RBS_22_train_47,TAAGGGAAGGAGGGCGTGGATG
paper_RBS_22_train_48,TAAGGGAAGGAGGGTGACAATG
paper_RBS_22_train_49,TAAGGGAAGGAGGTCGTCGATG
paper_RBS_22_train_50,TAAGGGAAGGAGGTCTGAGATG
paper_RBS_22_train_51,TAAGGGAAGGAGGTGTGTCATG
paper_RBS_22_train_52,TAAGGGCAGGAGAATCGGCATG
paper_RBS_22_train_53,TAAGGGCAGGAGACAAGTCATG
paper_RBS_22_train_54,TAAGGGCAGGAGACAGGCAATG
paper_RBS_22_train_55,TAAGGGCAGGAGACGAGGCATG
paper_RBS_22_train_56,TAAGGGCAGGAGAGATGAGATG
paper_RBS_22_train_57,TAAGGGCAGGAGAGCTATTATG
paper_RBS_22_train_58,TAAGGGCAGGAGAGGGGCAATG
paper_RBS_22_train_59,TAAGGGCAGGAGAGGGTAAATG
paper_RBS_22_train_60,TAAGGGCAGGAGAGGTGTTATG
paper_RBS_22_train_61,TAAGGGCAGGAGAGTGCTCATG
paper_RBS_22_train_62,TAAGGGCAGGAGATAGTCTATG
paper_RBS_22_train_63,TAAGGGCAGGAGATATTTAATG
paper_RBS_22_train_64,TAAGGGCAGGAGATCGGGTATG
paper_RBS_22_train_65,TAAGGGCAGGAGATTGGATATG
paper_RBS_22_train_66,TAAGGGCAGGAGGAAGGTGATG
paper_RBS_22_train_67,TAAGGGCAGGAGGATTTAAATG
paper_RBS_22_train_68,TAAGGGCAGGAGGGACAGTATG
paper_RBS_22_train_69,TAAGGGCAGGAGGGAGGAAATG
paper_RBS_22_train_70,TAAGGGCAGGAGGGATAATATG
paper_RBS_22_train_71,TAAGGGCAGGAGGGCCTCGATG
paper_RBS_22_train_72,TAAGGGCAGGAGGGCGGTGATG
paper_RBS_22_train_73,TAAGGGCAGGAGGGCGTAAATG
paper_RBS_22_train_74,TAAGGGCAGGAGGGGAATAATG
paper_RBS_22_train_75,TAAGGGCAGGAGGGTATCGATG
paper_RBS_22_train_76,TAAGGGCAGGAGGGTCCCGATG
paper_RBS_22_train_77,TAAGGGCAGGAGGGTCGTTATG
paper_RBS_22_train_78,TAAGGGCAGGAGGGTGAAGATG
paper_RBS_22_train_79,TAAGGGCAGGAGGGTGCGTATG
paper_RBS_22_train_80,TAAGGGCAGGAGGGTTATAATG
paper_RBS_22_train_81,TAAGGGCAGGAGGTAATGGATG
paper_RBS_22_train_82,TAAGGGCAGGAGGTAATTGATG
paper_RBS_22_train_83,TAAGGGCAGGAGGTACTTGATG
paper_RBS_22_train_84,TAAGGGCAGGAGGTCTTGTATG
paper_RBS_22_train_85,TAAGGGCAGGAGGTGAGTGATG
paper_RBS_22_train_86,TAAGGGCAGGAGGTGCGTCATG
paper_RBS_22_train_87,TAAGGGCAGGAGGTTGATAATG
paper_RBS_22_train_88,TAAGGGCAGGAGGTTGCGAATG
paper_RBS_22_train_89,TAAGGGCAGGAGGTTGGCGATG
paper_RBS_22_train_90,TAAGGGCAGGAGGTTGTTAATG
paper_RBS_22_train_91,TAAGGGCAGGAGGTTTAAGATG
paper_RBS_22_train_92,TAAGGGCAGGAGGTTTGCCATG
paper_RBS_22_train_93,TAAGGGCAGGAGGTTTGTAATG
paper_RBS_22_train_94,TAAGGGGAGGAGATGGGGGATG
paper_RBS_22_train_95,TAAGGGGAGGAGGGTGCGGATG
paper_RBS_22_train_96,TAAAGGCAGGAGACAGGGAATG
paper_RBS_22_train_97,TAAGAAAAGGAGAGTGTGAATG
paper_RBS_22_train_98,TAAGGAAAGGAGACGCTAAATG
paper_RBS_22_train_99,TAAGGACAGGAGGGTTACTATG
paper_RBS_22_train_100,TAAGGGAAGGAGGATCGGGATG
paper_RBS_22_train_101,TAAGGGAAGGAGGGGGATTATG
paper_RBS_22_train_102,TAAGGGCAGGAGATAGGTGATG
paper_RBS_22_train_103,TAAGGGCAGGAGGGTCTCAATG
paper_RBS_22_train_104,TAAGGGCAGGAGGTAAAGGATG
paper_RBS_22_train_105,TAAGGGCAGGAGGTATGGCATG
paper_RBS_22_train_106,TAAGGGCAGGAGGTTAGTGATG
paper_RBS_22_train_107,TAAGGGCAGGAGGTTTGGGATG
paper_RBS_22_train_108,TAAAAAAAGGAGAGTGTAGATG
paper_RBS_22_train_109,TAAAAAAAGGAGGTTTATTATG
paper_RBS_22_train_110,TAAAAACAGGAGAAAGGATATG
paper_RBS_22_train_111,TAAAAACAGGAGAGTGGGAATG
paper_RBS_22_train_112,TAAAAAGAGGAGACTCTGCATG
paper_RBS_22_train_113,TAAAAGAAGGAGAATCCGGATG
paper_RBS_22_train_114,TAAAAGAAGGAGATGGGTAATG
paper_RBS_22_train_115,TAAAAGAAGGAGATTAGTGATG
paper_RBS_22_train_116,TAAAAGAAGGAGGGTTAGGATG
paper_RBS_22_train_117,TAAAAGAAGGAGGTGAAGAATG
paper_RBS_22_train_118,TAAAAGCAGGAGAAGCGGTATG
paper_RBS_22_train_119,TAAAAGCAGGAGAAGTGTTATG
paper_RBS_22_train_120,TAAAAGCAGGAGAGGTTGCATG
paper_RBS_22_train_121,TAAAAGCAGGAGGGATGCAATG
paper_RBS_22_train_122,TAAAAGCAGGAGGGTCGGTATG
paper_RBS_22_train_123,TAAAAGCAGGAGGTTAGCCATG
paper_RBS_22_train_124,TAAAAGCAGGAGGTTGTGGATG
paper_RBS_22_train_125,TAAAAGGAGGAGGGATTGGATG
paper_RBS_22_train_126,TAAAGAAAGGAGATGTGGAATG
paper_RBS_22_train_127,TAAAGAAAGGAGATTGTGGATG
paper_RBS_22_train_128,TAAAGAAAGGAGGTTAAGGATG
paper_RBS_22_train_129,TAAAGAAAGGAGGTTCCGCATG
paper_RBS_22_train_130,TAAAGACAGGAGAACGTGGATG
paper_RBS_22_train_131,TAAAGACAGGAGGTTATGAATG
paper_RBS_22_train_132,TAAAGAGAGGAGACATAGGATG
paper_RBS_22_train_133,TAAAGAGAGGAGATACGTGATG
paper_RBS_22_train_134,TAAAGAGAGGAGGGATGTTATG
paper_RBS_22_train_135,TAAAGGAAGGAGAGACTAAATG
paper_RBS_22_train_136,TAAAGGAAGGAGAGTAAGCATG
paper_RBS_22_train_137,TAAAGGAAGGAGAGTTCGGATG
paper_RBS_22_train_138,TAAAGGAAGGAGATTGGGAATG
paper_RBS_22_train_139,TAAAGGAAGGAGATTTAGAATG
paper_RBS_22_train_140,TAAAGGAAGGAGATTTGTAATG
paper_RBS_22_train_141,TAAAGGAAGGAGGCAGGTTATG
paper_RBS_22_train_142,TAAAGGAAGGAGGGACTTGATG
paper_RBS_22_train_143,TAAAGGAAGGAGGGGTGTTATG
paper_RBS_22_train_144,TAAAGGAAGGAGGGTCCAGATG
paper_RBS_22_train_145,TAAAGGAAGGAGGGTCGCTATG
paper_RBS_22_train_146,TAAAGGAAGGAGGTAGGGCATG
paper_RBS_22_train_147,TAAAGGAAGGAGGTGATCTATG
paper_RBS_22_train_148,TAAAGGAAGGAGGTTACTGATG
paper_RBS_22_train_149,TAAAGGCAGGAGAATACGTATG
paper_RBS_22_train_150,TAAAGGCAGGAGAATGTGGATG
paper_RBS_22_train_151,TAAAGGCAGGAGAGGTGGAATG
paper_RBS_22_train_152,TAAAGGCAGGAGAGTTCGTATG
paper_RBS_22_train_153,TAAAGGCAGGAGAGTTTCGATG
paper_RBS_22_train_154,TAAAGGCAGGAGATCAGGGATG
paper_RBS_22_train_155,TAAAGGCAGGAGATCGGTGATG
paper_RBS_22_train_156,TAAAGGCAGGAGATGAGGGATG
paper_RBS_22_train_157,TAAAGGCAGGAGATGGAATATG
paper_RBS_22_train_158,TAAAGGCAGGAGATTTCGCATG
paper_RBS_22_train_159,TAAAGGCAGGAGGAAAGCGATG
paper_RBS_22_train_160,TAAAGGCAGGAGGAGCTGTATG
paper_RBS_22_train_161,TAAAGGCAGGAGGATTGTTATG
paper_RBS_22_train_162,TAAAGGCAGGAGGCGGGAGATG
paper_RBS_22_train_163,TAAAGGCAGGAGGGTAGGAATG
paper_RBS_22_train_164,TAAAGGCAGGAGGTAATGGATG
paper_RBS_22_train_165,TAAAGGCAGGAGGTGATGTATG
paper_RBS_22_train_166,TAAAGGCAGGAGGTGTTGTATG
paper_RBS_22_train_167,TAAAGGCAGGAGGTTGGCGATG
paper_RBS_22_train_168,TAAAGGGAGGAGAAATATGATG
paper_RBS_22_train_169,TAAAGGGAGGAGAGAAAGGATG
paper_RBS_22_train_170,TAAAGGGAGGAGAGAACTTATG
paper_RBS_22_train_171,TAAAGGGAGGAGAGTTCAGATG
paper_RBS_22_train_172,TAAAGGGAGGAGATTTGAGATG
paper_RBS_22_train_173,TAAAGGGAGGAGGTGTTGGATG
paper_RBS_22_train_174,TAAGAAAAGGAGGCAATGGATG
paper_RBS_22_train_175,TAAGAAAAGGAGGGGATTAATG
paper_RBS_22_train_176,TAAGAACAGGAGAAAGTGGATG
paper_RBS_22_train_177,TAAGAACAGGAGAATCTCTATG
paper_RBS_22_train_178,TAAGAACAGGAGAGTTGTTATG
paper_RBS_22_train_179,TAAGAACAGGAGATTGGGGATG
paper_RBS_22_train_180,TAAGAACAGGAGGGGCTTGATG
paper_RBS_22_train_181,TAAGAACAGGAGGTTGCTGATG
paper_RBS_22_train_182,TAAGAAGAGGAGATGTAGGATG
paper_RBS_22_train_183,TAAGAGAAGGAGAGGAAGCATG
paper_RBS_22_train_184,TAAGAGAAGGAGATAGAGGATG
paper_RBS_22_train_185,TAAGAGAAGGAGATGGGGTATG
paper_RBS_22_train_186,TAAGAGAAGGAGGGGAACCATG
paper_RBS_22_train_187,TAAGAGAAGGAGGGGTTACATG
paper_RBS_22_train_188,TAAGAGAAGGAGGGTATACATG
paper_RBS_22_train_189,TAAGAGAAGGAGGTAGGAGATG
paper_RBS_22_train_190,TAAGAGAAGGAGGTGGAATATG
paper_RBS_22_train_191,TAAGAGAAGGAGGTTGGAGATG
paper_RBS_22_train_192,TAAGAGCAGGAGAAGTGGCATG
paper_RBS_22_train_193,TAAGAGCAGGAGAGTCCAGATG
paper_RBS_22_train_194,TAAGAGCAGGAGATACATGATG
paper_RBS_22_train_195,TAAGAGCAGGAGATGGAGGATG
paper_RBS_22_train_196,TAAGAGCAGGAGGATTGATATG
paper_RBS_22_train_197,TAAGAGCAGGAGGGCCGGTATG
paper_RBS_22_train_198,TAAGAGCAGGAGGGGTGGGATG
paper_RBS_22_train_199,TAAGAGCAGGAGGGTCGTAATG
paper_RBS_22_train_200,TAAGAGCAGGAGGGTTTTGATG
paper_RBS_22_train_201,TAAGAGCAGGAGGTAGGAAATG
paper_RBS_22_train_202,TAAGAGCAGGAGGTGGGAAATG
paper_RBS_22_train_203,TAAGAGCAGGAGGTGTGCTATG
paper_RBS_22_train_204,TAAGAGCAGGAGGTGTGTGATG
paper_RBS_22_train_205,TAAGAGGAGGAGAGTGTCTATG
paper_RBS_22_train_206,TAAGAGGAGGAGATGTTACATG
paper_RBS_22_train_207,TAAGGAAAGGAGAAGGTGAATG
paper_RBS_22_train_208,TAAGGAAAGGAGAGAATTTATG
paper_RBS_22_train_209,TAAGGAAAGGAGATAGAGGATG
paper_RBS_22_train_210,TAAGGAAAGGAGATTAATAATG
paper_RBS_22_train_211,TAAGGAAAGGAGATTTTCTATG
paper_RBS_22_train_212,TAAGGAAAGGAGGAAGTGGATG
paper_RBS_22_train_213,TAAGGAAAGGAGGATTCTGATG
paper_RBS_22_train_214,TAAGGAAAGGAGGCTAAGTATG
paper_RBS_22_train_215,TAAGGAAAGGAGGGTTGGGATG
paper_RBS_22_train_216,TAAGGAAAGGAGGTACGCAATG
paper_RBS_22_train_217,TAAGGAAAGGAGGTAGGGGATG
paper_RBS_22_train_218,TAAGGAAAGGAGGTGATCAATG
paper_RBS_22_train_219,TAAGGAAAGGAGGTGCGGAATG
paper_RBS_22_train_220,TAAGGAAAGGAGGTGGGTTATG
paper_RBS_22_train_221,TAAGGAAAGGAGGTTAAGAATG
paper_RBS_22_train_222,TAAGGAAAGGAGGTTTTAGATG
paper_RBS_22_train_223,TAAGGACAGGAGAAAAATCATG
paper_RBS_22_train_224,TAAGGACAGGAGACTGCTGATG
paper_RBS_22_train_225,TAAGGACAGGAGAGCTGGGATG
paper_RBS_22_train_226,TAAGGACAGGAGAGGGAATATG
paper_RBS_22_train_227,TAAGGACAGGAGAGGGTTGATG
paper_RBS_22_train_228,TAAGGACAGGAGAGGTTGGATG
paper_RBS_22_train_229,TAAGGACAGGAGAGTATTGATG
paper_RBS_22_train_230,TAAGGACAGGAGATTCATAATG
paper_RBS_22_train_231,TAAGGACAGGAGATTGGAGATG
paper_RBS_22_train_232,TAAGGACAGGAGATTTGTGATG
paper_RBS_22_train_233,TAAGGACAGGAGGCAGTGGATG
paper_RBS_22_train_234,TAAGGACAGGAGGGAGGAGATG
paper_RBS_22_train_235,TAAGGACAGGAGGGGCTGTATG
paper_RBS_22_train_236,TAAGGACAGGAGGGGGTTGATG
paper_RBS_22_train_237,TAAGGACAGGAGGGTAAGGATG
paper_RBS_22_train_238,TAAGGACAGGAGGGTCAATATG
paper_RBS_22_train_239,TAAGGACAGGAGGGTTGGAATG
paper_RBS_22_train_240,TAAGGACAGGAGGTTGCTTATG
paper_RBS_22_train_241,TAAGGACAGGAGGTTTAACATG
paper_RBS_22_train_242,TAAGGACAGGAGGTTTTGAATG
paper_RBS_22_train_243,TAAGGAGAGGAGAATCTGTATG
paper_RBS_22_train_244,TAAGGAGAGGAGACGTTCAATG
paper_RBS_22_train_245,TAAGGAGAGGAGAGCGTATATG
paper_RBS_22_train_246,TAAGGAGAGGAGAGGGGTGATG
paper_RBS_22_train_247,TAAGGAGAGGAGAGTAAGGATG
paper_RBS_22_train_248,TAAGGAGAGGAGATAGTGAATG
paper_RBS_22_train_249,TAAGGAGAGGAGATTGATTATG
paper_RBS_22_train_250,TAAGGAGAGGAGGGGCGCGATG
paper_RBS_22_train_251,TAAGGAGAGGAGGTGGTGGATG
paper_RBS_22_train_252,TAAGGAGAGGAGGTGTTCTATG
paper_RBS_22_train_253,TAAGGGAAGGAGAAATGTGATG
paper_RBS_22_train_254,TAAGGGAAGGAGAACCCGGATG
paper_RBS_22_train_255,TAAGGGAAGGAGAAGGCTAATG
paper_RBS_22_train_256,TAAGGGAAGGAGAAGGGCGATG
paper_RBS_22_train_257,TAAGGGAAGGAGAAGGGGAATG
paper_RBS_22_train_258,TAAGGGAAGGAGAAGTAGGATG
paper_RBS_22_train_259,TAAGGGAAGGAGAAGTGTGATG
paper_RBS_22_train_260,TAAGGGAAGGAGACAGGGAATG
paper_RBS_22_train_261,TAAGGGAAGGAGACCCGTCATG
paper_RBS_22_train_262,TAAGGGAAGGAGACGAGAGATG
paper_RBS_22_train_263,TAAGGGAAGGAGACGGGGGATG
paper_RBS_22_train_264,TAAGGGAAGGAGACGTATTATG
paper_RBS_22_train_265,TAAGGGAAGGAGACGTTAAATG
paper_RBS_22_train_266,TAAGGGAAGGAGACTAGTGATG
paper_RBS_22_train_267,TAAGGGAAGGAGACTTGCGATG
paper_RBS_22_train_268,TAAGGGAAGGAGACTTGGGATG
paper_RBS_22_train_269,TAAGGGAAGGAGACTTTTGATG
paper_RBS_22_train_270,TAAGGGAAGGAGAGAAAACATG
paper_RBS_22_train_271,TAAGGGAAGGAGAGCGCAGATG
paper_RBS_22_train_272,TAAGGGAAGGAGAGCGGGGATG
paper_RBS_22_train_273,TAAGGGAAGGAGAGCGGTTATG
paper_RBS_22_train_274,TAAGGGAAGGAGAGCTTCCATG
paper_RBS_22_train_275,TAAGGGAAGGAGAGGGGTGATG
paper_RBS_22_train_276,TAAGGGAAGGAGAGGGTAAATG
paper_RBS_22_train_277,TAAGGGAAGGAGAGGTTGTATG
paper_RBS_22_train_278,TAAGGGAAGGAGAGTGAGAATG
paper_RBS_22_train_279,TAAGGGAAGGAGAGTTGGAATG
paper_RBS_22_train_280,TAAGGGAAGGAGAGTTTTGATG
paper_RBS_22_train_281,TAAGGGAAGGAGATAACGGATG
paper_RBS_22_train_282,TAAGGGAAGGAGATAGCTAATG
paper_RBS_22_train_283,TAAGGGAAGGAGATCTTGTATG
paper_RBS_22_train_284,TAAGGGAAGGAGATGAGTGATG
paper_RBS_22_train_285,TAAGGGAAGGAGATGAGTTATG
paper_RBS_22_train_286,TAAGGGAAGGAGATGCGGGATG
paper_RBS_22_train_287,TAAGGGAAGGAGATGGTGAATG
paper_RBS_22_train_288,TAAGGGAAGGAGATGGTTTATG
paper_RBS_22_train_289,TAAGGGAAGGAGATGTACTATG
paper_RBS_22_train_290,TAAGGGAAGGAGATGTTGGATG
paper_RBS_22_train_291,TAAGGGAAGGAGATTAGTCATG
paper_RBS_22_train_292,TAAGGGAAGGAGATTCGGTATG
paper_RBS_22_train_293,TAAGGGAAGGAGATTGCTGATG
paper_RBS_22_train_294,TAAGGGAAGGAGATTGGTAATG
paper_RBS_22_train_295,TAAGGGAAGGAGATTGTTGATG
paper_RBS_22_train_296,TAAGGGAAGGAGATTTCTCATG
paper_RBS_22_train_297,TAAGGGAAGGAGATTTTTGATG
paper_RBS_22_train_298,TAAGGGAAGGAGGATGTGAATG
paper_RBS_22_train_299,TAAGGGAAGGAGGATTGATATG
paper_RBS_22_train_300,TAAGGGAAGGAGGCACGGTATG
paper_RBS_22_train_301,TAAGGGAAGGAGGGAAAGTATG
paper_RBS_22_train_302,TAAGGGAAGGAGGGAGCGTATG
paper_RBS_22_train_303,TAAGGGAAGGAGGGAGGGGATG
paper_RBS_22_train_304,TAAGGGAAGGAGGGCAGGTATG
paper_RBS_22_train_305,TAAGGGAAGGAGGGGACTAATG
paper_RBS_22_train_306,TAAGGGAAGGAGGGGAGTGATG
paper_RBS_22_train_307,TAAGGGAAGGAGGGGGTTAATG
paper_RBS_22_train_308,TAAGGGAAGGAGGGGTACGATG
paper_RBS_22_train_309,TAAGGGAAGGAGGGGTCTGATG
paper_RBS_22_train_310,TAAGGGAAGGAGGGGTGGGATG
paper_RBS_22_train_311,TAAGGGAAGGAGGGTCAAGATG
paper_RBS_22_train_312,TAAGGGAAGGAGGGTGCGAATG
paper_RBS_22_train_313,TAAGGGAAGGAGGGTGGAAATG
paper_RBS_22_train_314,TAAGGGAAGGAGGGTGGGTATG
paper_RBS_22_train_315,TAAGGGAAGGAGGGTTGTGATG
paper_RBS_22_train_316,TAAGGGAAGGAGGGTTTTAATG
paper_RBS_22_train_317,TAAGGGAAGGAGGGTTTTGATG
paper_RBS_22_train_318,TAAGGGAAGGAGGGTTTTTATG
paper_RBS_22_train_319,TAAGGGAAGGAGGTAAGGCATG
paper_RBS_22_train_320,TAAGGGAAGGAGGTCGGGTATG
paper_RBS_22_train_321,TAAGGGAAGGAGGTGAGTGATG
paper_RBS_22_train_322,TAAGGGAAGGAGGTGGATGATG
paper_RBS_22_train_323,TAAGGGAAGGAGGTGTGGGATG
paper_RBS_22_train_324,TAAGGGAAGGAGGTGTTTAATG
paper_RBS_22_train_325,TAAGGGAAGGAGGTTAGGGATG
paper_RBS_22_train_326,TAAGGGAAGGAGGTTGATGATG
paper_RBS_22_train_327,TAAGGGAAGGAGGTTGCGGATG
paper_RBS_22_train_328,TAAGGGAAGGAGGTTGGAGATG
paper_RBS_22_train_329,TAAGGGAAGGAGGTTGGGCATG
paper_RBS_22_train_330,TAAGGGAAGGAGGTTTAGTATG
paper_RBS_22_train_331,TAAGGGAAGGAGGTTTTTAATG
paper_RBS_22_train_332,TAAGGGCAGGAGAAACAGGATG
paper_RBS_22_train_333,TAAGGGCAGGAGAAACGTCATG
paper_RBS_22_train_334,TAAGGGCAGGAGAAAGGTGATG
paper_RBS_22_train_335,TAAGGGCAGGAGAAATCGAATG
paper_RBS_22_train_336,TAAGGGCAGGAGAACATCGATG
paper_RBS_22_train_337,TAAGGGCAGGAGAACGTTAATG
paper_RBS_22_train_338,TAAGGGCAGGAGAAGAGCTATG
paper_RBS_22_train_339,TAAGGGCAGGAGAAGGGGGATG
paper_RBS_22_train_340,TAAGGGCAGGAGAAGGGTTATG
paper_RBS_22_train_341,TAAGGGCAGGAGAATCGTGATG
paper_RBS_22_train_342,TAAGGGCAGGAGAATTAGGATG
paper_RBS_22_train_343,TAAGGGCAGGAGAATTCATATG
paper_RBS_22_train_344,TAAGGGCAGGAGACCGGTAATG
paper_RBS_22_train_345,TAAGGGCAGGAGACCTTGTATG
paper_RBS_22_train_346,TAAGGGCAGGAGACTTGTCATG
paper_RBS_22_train_347,TAAGGGCAGGAGAGAATGCATG
paper_RBS_22_train_348,TAAGGGCAGGAGAGAGATTATG
paper_RBS_22_train_349,TAAGGGCAGGAGAGAGCTGATG
paper_RBS_22_train_350,TAAGGGCAGGAGAGATAAGATG
paper_RBS_22_train_351,TAAGGGCAGGAGAGCGTGCATG
paper_RBS_22_train_352,TAAGGGCAGGAGAGCTTCTATG
paper_RBS_22_train_353,TAAGGGCAGGAGAGGGAGTATG
paper_RBS_22_train_354,TAAGGGCAGGAGAGGGATTATG
paper_RBS_22_train_355,TAAGGGCAGGAGAGGTAGGATG
paper_RBS_22_train_356,TAAGGGCAGGAGAGGTATAATG
paper_RBS_22_train_357,TAAGGGCAGGAGAGGTGAGATG
paper_RBS_22_train_358,TAAGGGCAGGAGAGTACAGATG
paper_RBS_22_train_359,TAAGGGCAGGAGAGTGGAGATG
paper_RBS_22_train_360,TAAGGGCAGGAGAGTGTGTATG
paper_RBS_22_train_361,TAAGGGCAGGAGAGTGTTTATG
paper_RBS_22_train_362,TAAGGGCAGGAGAGTTATTATG
paper_RBS_22_train_363,TAAGGGCAGGAGAGTTCGCATG
paper_RBS_22_train_364,TAAGGGCAGGAGAGTTGACATG
paper_RBS_22_train_365,TAAGGGCAGGAGAGTTTGCATG
paper_RBS_22_train_366,TAAGGGCAGGAGAGTTTTAATG
paper_RBS_22_train_367,TAAGGGCAGGAGATCGTACATG
paper_RBS_22_train_368,TAAGGGCAGGAGATCTTTTATG
paper_RBS_22_train_369,TAAGGGCAGGAGATGCCGTATG
paper_RBS_22_train_370,TAAGGGCAGGAGATGGGTTATG
paper_RBS_22_train_371,TAAGGGCAGGAGATGTTGAATG
paper_RBS_22_train_372,TAAGGGCAGGAGATGTTGCATG
paper_RBS_22_train_373,TAAGGGCAGGAGATGTTTCATG
paper_RBS_22_train_374,TAAGGGCAGGAGATTATGGATG
paper_RBS_22_train_375,TAAGGGCAGGAGATTGAGGATG
paper_RBS_22_train_376,TAAGGGCAGGAGATTGCGTATG
paper_RBS_22_train_377,TAAGGGCAGGAGATTGGGGATG
paper_RBS_22_train_378,TAAGGGCAGGAGATTTTGTATG
paper_RBS_22_train_379,TAAGGGCAGGAGATTTTTTATG
paper_RBS_22_train_380,TAAGGGCAGGAGGACTCGGATG
paper_RBS_22_train_381,TAAGGGCAGGAGGACTTGGATG
paper_RBS_22_train_382,TAAGGGCAGGAGGATACATATG
paper_RBS_22_train_383,TAAGGGCAGGAGGATCGAGATG
paper_RBS_22_train_384,TAAGGGCAGGAGGATTATCATG
paper_RBS_22_train_385,TAAGGGCAGGAGGATTTTGATG
paper_RBS_22_train_386,TAAGGGCAGGAGGCAAGGTATG
paper_RBS_22_train_387,TAAGGGCAGGAGGCGAAGGATG
paper_RBS_22_train_388,TAAGGGCAGGAGGCGCTTGATG
paper_RBS_22_train_389,TAAGGGCAGGAGGCGGTCGATG
paper_RBS_22_train_390,TAAGGGCAGGAGGCTTTACATG
paper_RBS_22_train_391,TAAGGGCAGGAGGGAAGTTATG
paper_RBS_22_train_392,TAAGGGCAGGAGGGACCGGATG
paper_RBS_22_train_393,TAAGGGCAGGAGGGAGCGTATG
paper_RBS_22_train_394,TAAGGGCAGGAGGGATACTATG
paper_RBS_22_train_395,TAAGGGCAGGAGGGATAGGATG
paper_RBS_22_train_396,TAAGGGCAGGAGGGATATGATG
paper_RBS_22_train_397,TAAGGGCAGGAGGGATGGCATG
paper_RBS_22_train_398,TAAGGGCAGGAGGGATGGGATG
paper_RBS_22_train_399,TAAGGGCAGGAGGGCACATATG
paper_RBS_22_train_400,TAAGGGCAGGAGGGCGCGAATG
paper_RBS_22_train_401,TAAGGGCAGGAGGGCTCATATG
paper_RBS_22_train_402,TAAGGGCAGGAGGGGAACGATG
paper_RBS_22_train_403,TAAGGGCAGGAGGGGAGAGATG
paper_RBS_22_train_404,TAAGGGCAGGAGGGGCTTGATG
paper_RBS_22_train_405,TAAGGGCAGGAGGGGTGAAATG
paper_RBS_22_train_406,TAAGGGCAGGAGGGGTTAGATG
paper_RBS_22_train_407,TAAGGGCAGGAGGGGTTCAATG
paper_RBS_22_train_408,TAAGGGCAGGAGGGGTTTTATG
paper_RBS_22_train_409,TAAGGGCAGGAGGGTCCGAATG
paper_RBS_22_train_410,TAAGGGCAGGAGGGTCCTCATG
paper_RBS_22_train_411,TAAGGGCAGGAGGGTGAGCATG
paper_RBS_22_train_412,TAAGGGCAGGAGGGTTAAAATG
paper_RBS_22_train_413,TAAGGGCAGGAGGGTTATGATG
paper_RBS_22_train_414,TAAGGGCAGGAGGGTTCGGATG
paper_RBS_22_train_415,TAAGGGCAGGAGGTAAGGGATG
paper_RBS_22_train_416,TAAGGGCAGGAGGTAATATATG
paper_RBS_22_train_417,TAAGGGCAGGAGGTACTTTATG
paper_RBS_22_train_418,TAAGGGCAGGAGGTAGGGGATG
paper_RBS_22_train_419,TAAGGGCAGGAGGTAGGGTATG
paper_RBS_22_train_420,TAAGGGCAGGAGGTAGTGAATG
paper_RBS_22_train_421,TAAGGGCAGGAGGTAGTTGATG
paper_RBS_22_train_422,TAAGGGCAGGAGGTATGGGATG
paper_RBS_22_train_423,TAAGGGCAGGAGGTATGTGATG
paper_RBS_22_train_424,TAAGGGCAGGAGGTCCGGAATG
paper_RBS_22_train_425,TAAGGGCAGGAGGTCCTGTATG
paper_RBS_22_train_426,TAAGGGCAGGAGGTCTTTTATG
paper_RBS_22_train_427,TAAGGGCAGGAGGTGATGGATG
paper_RBS_22_train_428,TAAGGGCAGGAGGTGGGACATG
paper_RBS_22_train_429,TAAGGGCAGGAGGTGGGTCATG
paper_RBS_22_train_430,TAAGGGCAGGAGGTGGTAAATG
paper_RBS_22_train_431,TAAGGGCAGGAGGTGGTGTATG
paper_RBS_22_train_432,TAAGGGCAGGAGGTGTCGAATG
paper_RBS_22_train_433,TAAGGGCAGGAGGTGTCGTATG
paper_RBS_22_train_434,TAAGGGCAGGAGGTGTTCGATG
paper_RBS_22_train_435,TAAGGGCAGGAGGTGTTGTATG
paper_RBS_22_train_436,TAAGGGCAGGAGGTTAACGATG
paper_RBS_22_train_437,TAAGGGCAGGAGGTTAGCAATG
paper_RBS_22_train_438,TAAGGGCAGGAGGTTAGCGATG
paper_RBS_22_train_439,TAAGGGCAGGAGGTTCAGGATG
paper_RBS_22_train_440,TAAGGGCAGGAGGTTGGGAATG
paper_RBS_22_train_441,TAAGGGCAGGAGGTTGGGCATG
paper_RBS_22_train_442,TAAGGGCAGGAGGTTGTAGATG
paper_RBS_22_train_443,TAAGGGCAGGAGGTTTCATATG
paper_RBS_22_train_444,TAAGGGCAGGAGGTTTGGTATG
paper_RBS_22_train_445,TAAGGGCAGGAGGTTTGTTATG
paper_RBS_22_train_446,TAAGGGCAGGAGGTTTTTCATG
paper_RBS_22_train_447,TAAGGGCAGGAGGTTTTTGATG
paper_RBS_22_train_448,TAAGGGGAGGAGAACTTAGATG
paper_RBS_22_train_449,TAAGGGGAGGAGAATGAACATG
paper_RBS_22_train_450,TAAGGGGAGGAGAATGCATATG
paper_RBS_22_train_451,TAAGGGGAGGAGAATTAAGATG
paper_RBS_22_train_452,TAAGGGGAGGAGAATTGGTATG
paper_RBS_22_train_453,TAAGGGGAGGAGAGGGGTGATG
paper_RBS_22_train_454,TAAGGGGAGGAGAGTGGACATG
paper_RBS_22_train_455,TAAGGGGAGGAGAGTGTTTATG
paper_RBS_22_train_456,TAAGGGGAGGAGATCTTCTATG
paper_RBS_22_train_457,TAAGGGGAGGAGATGAGTAATG
paper_RBS_22_train_458,TAAGGGGAGGAGATGAGTGATG
paper_RBS_22_train_459,TAAGGGGAGGAGATGATGGATG
paper_RBS_22_train_460,TAAGGGGAGGAGATGGAGTATG
paper_RBS_22_train_461,TAAGGGGAGGAGATGTGTGATG
paper_RBS_22_train_462,TAAGGGGAGGAGATTTTAGATG
paper_RBS_22_train_463,TAAGGGGAGGAGGGGTGGCATG
paper_RBS_22_train_464,TAAAAAAAGGAGAAAAAAGATG
paper_RBS_22_train_465,TAAAAAAAGGAGAGGAATTATG
paper_RBS_22_train_466,TAAAAGAAGGAGAATTACTATG
paper_RBS_22_train_467,TAAAAGAAGGAGAGATTGTATG
paper_RBS_22_train_468,TAAAAGCAGGAGATAATCAATG
paper_RBS_22_train_469,TAAAAGCAGGAGGATTTAGATG
paper_RBS_22_train_470,TAAAGAAAGGAGGTGAGATATG
paper_RBS_22_train_471,TAAAGACAGGAGAAATAGGATG
paper_RBS_22_train_472,TAAAGACAGGAGATGACGGATG
paper_RBS_22_train_473,TAAAGACAGGAGGTAGTGGATG
paper_RBS_22_train_474,TAAAGAGAGGAGACTCGGGATG
paper_RBS_22_train_475,TAAAGAGAGGAGGGATGGTATG
paper_RBS_22_train_476,TAAAGAGAGGAGGGGCGGTATG
paper_RBS_22_train_477,TAAAGGAAGGAGATACGTGATG
paper_RBS_22_train_478,TAAAGGAAGGAGGCAGGGGATG
paper_RBS_22_train_479,TAAAGGAAGGAGGTGGAGAATG
paper_RBS_22_train_480,TAAAGGCAGGAGACTTGTTATG
paper_RBS_22_train_481,TAAAGGCAGGAGAGGTGGTATG
paper_RBS_22_train_482,TAAAGGCAGGAGAGTGTCGATG
paper_RBS_22_train_483,TAAAGGCAGGAGAGTTAGGATG
paper_RBS_22_train_484,TAAAGGCAGGAGATATATGATG
paper_RBS_22_train_485,TAAAGGCAGGAGATGAGCGATG
paper_RBS_22_train_486,TAAAGGCAGGAGATGGATTATG
paper_RBS_22_train_487,TAAAGGCAGGAGATTTTTTATG
paper_RBS_22_train_488,TAAAGGCAGGAGGAAGGTGATG
paper_RBS_22_train_489,TAAAGGCAGGAGGATGTTTATG
paper_RBS_22_train_490,TAAAGGCAGGAGGGGTTTCATG
paper_RBS_22_train_491,TAAAGGCAGGAGGGGTTTGATG
paper_RBS_22_train_492,TAAAGGCAGGAGGGTGTGGATG
paper_RBS_22_train_493,TAAAGGCAGGAGGTAGTTTATG
paper_RBS_22_train_494,TAAAGGCAGGAGGTGTGTCATG
paper_RBS_22_train_495,TAAAGGCAGGAGGTTAAGGATG
paper_RBS_22_train_496,TAAAGGCAGGAGGTTTGGAATG
paper_RBS_22_train_497,TAAAGGGAGGAGATTGGTGATG
paper_RBS_22_train_498,TAAAGGGAGGAGGGTTGAAATG
paper_RBS_22_train_499,TAAGAAAAGGAGGGTTGAAATG
paper_RBS_22_train_500,TAAGAAAAGGAGGTGGTGGATG
paper_RBS_22_train_501,TAAGAAAAGGAGGTGTGCGATG
paper_RBS_22_train_502,TAAGAACAGGAGAACGTACATG
paper_RBS_22_train_503,TAAGAACAGGAGGAGGGTCATG
paper_RBS_22_train_504,TAAGAAGAGGAGAAATCGGATG
paper_RBS_22_train_505,TAAGAAGAGGAGAGATGTGATG
paper_RBS_22_train_506,TAAGAGAAGGAGACGAGCGATG
paper_RBS_22_train_507,TAAGAGAAGGAGAGCAATAATG
paper_RBS_22_train_508,TAAGAGAAGGAGAGGGATTATG
paper_RBS_22_train_509,TAAGAGAAGGAGATGCGGAATG
paper_RBS_22_train_510,TAAGAGAAGGAGATTGGAGATG
paper_RBS_22_train_511,TAAGAGAAGGAGATTTGTAATG
paper_RBS_22_train_512,TAAGAGAAGGAGGGTTGTGATG
paper_RBS_22_train_513,TAAGAGCAGGAGAAGGTTAATG
paper_RBS_22_train_514,TAAGAGCAGGAGAGGGACTATG
paper_RBS_22_train_515,TAAGAGCAGGAGAGTCTCTATG
paper_RBS_22_train_516,TAAGAGCAGGAGGAGTATCATG
paper_RBS_22_train_517,TAAGAGCAGGAGGGACAGTATG
paper_RBS_22_train_518,TAAGAGCAGGAGGGCGAAGATG
paper_RBS_22_train_519,TAAGAGCAGGAGGGGTGTGATG
paper_RBS_22_train_520,TAAGAGCAGGAGGGTAGGGATG
paper_RBS_22_train_521,TAAGAGCAGGAGGGTATGTATG
paper_RBS_22_train_522,TAAGAGCAGGAGGTATACGATG
paper_RBS_22_train_523,TAAGAGCAGGAGGTCCGTCATG
paper_RBS_22_train_524,TAAGAGCAGGAGGTGTGATATG
paper_RBS_22_train_525,TAAGAGGAGGAGATAAGGGATG
paper_RBS_22_train_526,TAAGGAAAGGAGAAAATAGATG
paper_RBS_22_train_527,TAAGGAAAGGAGAATGGCTATG
paper_RBS_22_train_528,TAAGGAAAGGAGAGGGGAAATG
paper_RBS_22_train_529,TAAGGAAAGGAGAGGTGGTATG
paper_RBS_22_train_530,TAAGGAAAGGAGATAGGTTATG
paper_RBS_22_train_531,TAAGGAAAGGAGGAATGGGATG
paper_RBS_22_train_532,TAAGGAAAGGAGGATTATTATG
paper_RBS_22_train_533,TAAGGAAAGGAGGGGCAGGATG
paper_RBS_22_train_534,TAAGGAAAGGAGGGTTGGTATG
paper_RBS_22_train_535,TAAGGAAAGGAGGGTTTGTATG
paper_RBS_22_train_536,TAAGGAAAGGAGGTTTGGAATG
paper_RBS_22_train_537,TAAGGACAGGAGATACATGATG
paper_RBS_22_train_538,TAAGGACAGGAGGATTTGAATG
paper_RBS_22_train_539,TAAGGACAGGAGGGACTGGATG
paper_RBS_22_train_540,TAAGGACAGGAGGGAGGTGATG
paper_RBS_22_train_541,TAAGGACAGGAGGTCTCGGATG
paper_RBS_22_train_542,TAAGGACAGGAGGTTCGTAATG
paper_RBS_22_train_543,TAAGGACAGGAGGTTTTGGATG
paper_RBS_22_train_544,TAAGGAGAGGAGAAAGTGCATG
paper_RBS_22_train_545,TAAGGAGAGGAGAAAGTGGATG
paper_RBS_22_train_546,TAAGGAGAGGAGAACTGGTATG
paper_RBS_22_train_547,TAAGGAGAGGAGAAGTTTGATG
paper_RBS_22_train_548,TAAGGAGAGGAGACGGATGATG
paper_RBS_22_train_549,TAAGGAGAGGAGAGCGCTAATG
paper_RBS_22_train_550,TAAGGAGAGGAGAGGGGGGATG
paper_RBS_22_train_551,TAAGGAGAGGAGAGGTCGGATG
paper_RBS_22_train_552,TAAGGAGAGGAGAGGTGACATG
paper_RBS_22_train_553,TAAGGAGAGGAGATGATAGATG
paper_RBS_22_train_554,TAAGGAGAGGAGATGGAAGATG
paper_RBS_22_train_555,TAAGGAGAGGAGATTGGGGATG
paper_RBS_22_train_556,TAAGGAGAGGAGGGGTCTGATG
paper_RBS_22_train_557,TAAGGGAAGGAGAAAGACGATG
paper_RBS_22_train_558,TAAGGGAAGGAGAAGCAATATG
paper_RBS_22_train_559,TAAGGGAAGGAGAAGGAAGATG
paper_RBS_22_train_560,TAAGGGAAGGAGAATTAGTATG
paper_RBS_22_train_561,TAAGGGAAGGAGACAGGGGATG
paper_RBS_22_train_562,TAAGGGAAGGAGAGAGGCAATG
paper_RBS_22_train_563,TAAGGGAAGGAGAGAGTCTATG
paper_RBS_22_train_564,TAAGGGAAGGAGAGGAGTTATG
paper_RBS_22_train_565,TAAGGGAAGGAGAGGGGTAATG
paper_RBS_22_train_566,TAAGGGAAGGAGAGGGTTGATG
paper_RBS_22_train_567,TAAGGGAAGGAGAGGTCGTATG
paper_RBS_22_train_568,TAAGGGAAGGAGAGGTTATATG
paper_RBS_22_train_569,TAAGGGAAGGAGAGTCATGATG
paper_RBS_22_train_570,TAAGGGAAGGAGAGTGGGTATG
paper_RBS_22_train_571,TAAGGGAAGGAGAGTTGTGATG
paper_RBS_22_train_572,TAAGGGAAGGAGATACTAGATG
paper_RBS_22_train_573,TAAGGGAAGGAGATATGTAATG
paper_RBS_22_train_574,TAAGGGAAGGAGATTCGAGATG
paper_RBS_22_train_575,TAAGGGAAGGAGATTTGGAATG
paper_RBS_22_train_576,TAAGGGAAGGAGATTTGGGATG
paper_RBS_22_train_577,TAAGGGAAGGAGATTTGTGATG
paper_RBS_22_train_578,TAAGGGAAGGAGGAAGGGGATG
paper_RBS_22_train_579,TAAGGGAAGGAGGAAGTTCATG
paper_RBS_22_train_580,TAAGGGAAGGAGGAATTGAATG
paper_RBS_22_train_581,TAAGGGAAGGAGGATAAGAATG
paper_RBS_22_train_582,TAAGGGAAGGAGGATGAGCATG
paper_RBS_22_train_583,TAAGGGAAGGAGGATTTTCATG
paper_RBS_22_train_584,TAAGGGAAGGAGGGCGTGCATG
paper_RBS_22_train_585,TAAGGGAAGGAGGGGAAGTATG
paper_RBS_22_train_586,TAAGGGAAGGAGGGGTAATATG
paper_RBS_22_train_587,TAAGGGAAGGAGGGGTATTATG
paper_RBS_22_train_588,TAAGGGAAGGAGGGGTTCGATG
paper_RBS_22_train_589,TAAGGGAAGGAGGGGTTTTATG
paper_RBS_22_train_590,TAAGGGAAGGAGGGTCTAGATG
paper_RBS_22_train_591,TAAGGGAAGGAGGGTGACTATG
paper_RBS_22_train_592,TAAGGGAAGGAGGGTGTCAATG
paper_RBS_22_train_593,TAAGGGAAGGAGGGTTGACATG
paper_RBS_22_train_594,TAAGGGAAGGAGGGTTGAGATG
paper_RBS_22_train_595,TAAGGGAAGGAGGTCTGGGATG
paper_RBS_22_train_596,TAAGGGAAGGAGGTGATGGATG
paper_RBS_22_train_597,TAAGGGAAGGAGGTGCTGGATG
paper_RBS_22_train_598,TAAGGGAAGGAGGTGGGGAATG
paper_RBS_22_train_599,TAAGGGAAGGAGGTGTTGGATG
paper_RBS_22_train_600,TAAGGGAAGGAGGTGTTTGATG
paper_RBS_22_train_601,TAAGGGAAGGAGGTTAGTGATG
paper_RBS_22_train_602,TAAGGGAAGGAGGTTCGATATG
paper_RBS_22_train_603,TAAGGGCAGGAGAAAGCTGATG
paper_RBS_22_train_604,TAAGGGCAGGAGAAGAATTATG
paper_RBS_22_train_605,TAAGGGCAGGAGAAGGACGATG
paper_RBS_22_train_606,TAAGGGCAGGAGAAGTAGTATG
paper_RBS_22_train_607,TAAGGGCAGGAGAAGTGTAATG
paper_RBS_22_train_608,TAAGGGCAGGAGAATGAGTATG
paper_RBS_22_train_609,TAAGGGCAGGAGACACGGGATG
paper_RBS_22_train_610,TAAGGGCAGGAGACAGCATATG
paper_RBS_22_train_611,TAAGGGCAGGAGACGTGTCATG
paper_RBS_22_train_612,TAAGGGCAGGAGACTGGCTATG
paper_RBS_22_train_613,TAAGGGCAGGAGACTTCTAATG
paper_RBS_22_train_614,TAAGGGCAGGAGAGATTTAATG
paper_RBS_22_train_615,TAAGGGCAGGAGAGGATTGATG
paper_RBS_22_train_616,TAAGGGCAGGAGAGGGTTCATG
paper_RBS_22_train_617,TAAGGGCAGGAGAGGTGTGATG
paper_RBS_22_train_618,TAAGGGCAGGAGAGGTTGGATG
paper_RBS_22_train_619,TAAGGGCAGGAGAGTAAGTATG
paper_RBS_22_train_620,TAAGGGCAGGAGAGTCGAGATG
paper_RBS_22_train_621,TAAGGGCAGGAGAGTCGTTATG
paper_RBS_22_train_622,TAAGGGCAGGAGAGTGGGGATG
paper_RBS_22_train_623,TAAGGGCAGGAGAGTGGGTATG
paper_RBS_22_train_624,TAAGGGCAGGAGAGTGTAGATG
paper_RBS_22_train_625,TAAGGGCAGGAGAGTGTGGATG
paper_RBS_22_train_626,TAAGGGCAGGAGAGTTTTGATG
paper_RBS_22_train_627,TAAGGGCAGGAGATATGGAATG
paper_RBS_22_train_628,TAAGGGCAGGAGATATTTTATG
paper_RBS_22_train_629,TAAGGGCAGGAGATCATATATG
paper_RBS_22_train_630,TAAGGGCAGGAGATCGGTGATG
paper_RBS_22_train_631,TAAGGGCAGGAGATGAATAATG
paper_RBS_22_train_632,TAAGGGCAGGAGATGACGGATG
paper_RBS_22_train_633,TAAGGGCAGGAGATGAGTGATG
paper_RBS_22_train_634,TAAGGGCAGGAGATGGGATATG
paper_RBS_22_train_635,TAAGGGCAGGAGATGGGGTATG
paper_RBS_22_train_636,TAAGGGCAGGAGATGTAGGATG
paper_RBS_22_train_637,TAAGGGCAGGAGATGTGGCATG
paper_RBS_22_train_638,TAAGGGCAGGAGATGTGGGATG
paper_RBS_22_train_639,TAAGGGCAGGAGATTAAACATG
paper_RBS_22_train_640,TAAGGGCAGGAGATTACGGATG
paper_RBS_22_train_641,TAAGGGCAGGAGATTCAATATG
paper_RBS_22_train_642,TAAGGGCAGGAGATTCGCAATG
paper_RBS_22_train_643,TAAGGGCAGGAGATTGGTGATG
paper_RBS_22_train_644,TAAGGGCAGGAGATTTATTATG
paper_RBS_22_train_645,TAAGGGCAGGAGATTTCTCATG
paper_RBS_22_train_646,TAAGGGCAGGAGATTTGGGATG
paper_RBS_22_train_647,TAAGGGCAGGAGATTTGGTATG
paper_RBS_22_train_648,TAAGGGCAGGAGGACGCGGATG
paper_RBS_22_train_649,TAAGGGCAGGAGGACTCCCATG
paper_RBS_22_train_650,TAAGGGCAGGAGGAGTCAGATG
paper_RBS_22_train_651,TAAGGGCAGGAGGATAGTGATG
paper_RBS_22_train_652,TAAGGGCAGGAGGATTTGTATG
paper_RBS_22_train_653,TAAGGGCAGGAGGGAATTGATG
paper_RBS_22_train_654,TAAGGGCAGGAGGGAGCAAATG
paper_RBS_22_train_655,TAAGGGCAGGAGGGATGTGATG
paper_RBS_22_train_656,TAAGGGCAGGAGGGCGGGAATG
paper_RBS_22_train_657,TAAGGGCAGGAGGGGAGTCATG
paper_RBS_22_train_658,TAAGGGCAGGAGGGGATTTATG
paper_RBS_22_train_659,TAAGGGCAGGAGGGGTATTATG
paper_RBS_22_train_660,TAAGGGCAGGAGGGGTGGCATG
paper_RBS_22_train_661,TAAGGGCAGGAGGGGTTGGATG
paper_RBS_22_train_662,TAAGGGCAGGAGGGTAGGCATG
paper_RBS_22_train_663,TAAGGGCAGGAGGGTATGGATG
paper_RBS_22_train_664,TAAGGGCAGGAGGGTCGGGATG
paper_RBS_22_train_665,TAAGGGCAGGAGGGTGGACATG
paper_RBS_22_train_666,TAAGGGCAGGAGGGTGGTGATG
paper_RBS_22_train_667,TAAGGGCAGGAGGGTGTGAATG
paper_RBS_22_train_668,TAAGGGCAGGAGGGTTCAAATG
paper_RBS_22_train_669,TAAGGGCAGGAGGGTTCTGATG
paper_RBS_22_train_670,TAAGGGCAGGAGGGTTGCGATG
paper_RBS_22_train_671,TAAGGGCAGGAGGGTTGGTATG
paper_RBS_22_train_672,TAAGGGCAGGAGGGTTGTGATG
paper_RBS_22_train_673,TAAGGGCAGGAGGGTTGTTATG
paper_RBS_22_train_674,TAAGGGCAGGAGGGTTTCGATG
paper_RBS_22_train_675,TAAGGGCAGGAGGGTTTGAATG
paper_RBS_22_train_676,TAAGGGCAGGAGGGTTTGCATG
paper_RBS_22_train_677,TAAGGGCAGGAGGGTTTGTATG
paper_RBS_22_train_678,TAAGGGCAGGAGGTAAGCCATG
paper_RBS_22_train_679,TAAGGGCAGGAGGTAGATAATG
paper_RBS_22_train_680,TAAGGGCAGGAGGTAGCGAATG
paper_RBS_22_train_681,TAAGGGCAGGAGGTAGGATATG
paper_RBS_22_train_682,TAAGGGCAGGAGGTAGTGCATG
paper_RBS_22_train_683,TAAGGGCAGGAGGTAGTGGATG
paper_RBS_22_train_684,TAAGGGCAGGAGGTAGTTAATG
paper_RBS_22_train_685,TAAGGGCAGGAGGTCGACGATG
paper_RBS_22_train_686,TAAGGGCAGGAGGTCGGGTATG
paper_RBS_22_train_687,TAAGGGCAGGAGGTCGTTTATG
paper_RBS_22_train_688,TAAGGGCAGGAGGTGAAGTATG
paper_RBS_22_train_689,TAAGGGCAGGAGGTGAGAGATG
paper_RBS_22_train_690,TAAGGGCAGGAGGTGAGGTATG
paper_RBS_22_train_691,TAAGGGCAGGAGGTGGGGTATG
paper_RBS_22_train_692,TAAGGGCAGGAGGTGTAGGATG
paper_RBS_22_train_693,TAAGGGCAGGAGGTGTCACATG
paper_RBS_22_train_694,TAAGGGCAGGAGGTGTTAAATG
paper_RBS_22_train_695,TAAGGGCAGGAGGTGTTTTATG
paper_RBS_22_train_696,TAAGGGCAGGAGGTTAGGTATG
paper_RBS_22_train_697,TAAGGGCAGGAGGTTATAGATG
paper_RBS_22_train_698,TAAGGGCAGGAGGTTATCGATG
paper_RBS_22_train_699,TAAGGGCAGGAGGTTGCGGATG
paper_RBS_22_train_700,TAAGGGCAGGAGGTTGCTGATG
paper_RBS_22_train_701,TAAGGGGAGGAGAAAAAAAATG
paper_RBS_22_train_702,TAAGGGGAGGAGAAAGGGGATG
paper_RBS_22_train_703,TAAGGGGAGGAGAAGGGTAATG
paper_RBS_22_train_704,TAAGGGGAGGAGAATAGGCATG
paper_RBS_22_train_705,TAAGGGGAGGAGAATGTGGATG
paper_RBS_22_train_706,TAAGGGGAGGAGAGCGGATATG
paper_RBS_22_train_707,TAAGGGGAGGAGATAAGGTATG
paper_RBS_22_train_708,TAAGGGGAGGAGATGTGTCATG
paper_RBS_22_train_709,TAAGGGGAGGAGATTAAGTATG
paper_RBS_22_train_710,TAAGGGGAGGAGATTTTGTATG
paper_RBS_22_train_711,TAAAAGAAGGAGACATAGGATG
paper_RBS_22_train_712,TAAAAGCAGGAGAATATAGATG
paper_RBS_22_train_713,TAAAAGCAGGAGAGTTGTGATG
paper_RBS_22_train_714,TAAAAGCAGGAGATCCGGCATG
paper_RBS_22_train_715,TAAAAGCAGGAGGATAGGAATG
paper_RBS_22_train_716,TAAAAGCAGGAGGGTTTAGATG
paper_RBS_22_train_717,TAAAGAAAGGAGAAATGTGATG
paper_RBS_22_train_718,TAAAGACAGGAGATTATGCATG
paper_RBS_22_train_719,TAAAGACAGGAGGACTTGGATG
paper_RBS_22_train_720,TAAAGACAGGAGGATGAGGATG
paper_RBS_22_train_721,TAAAGACAGGAGGCTCAGTATG
paper_RBS_22_train_722,TAAAGACAGGAGGGTTGGTATG
paper_RBS_22_train_723,TAAAGAGAGGAGGATAGTGATG
paper_RBS_22_train_724,TAAAGGAAGGAGAAAGGGGATG
paper_RBS_22_train_725,TAAAGGAAGGAGACATCAGATG
paper_RBS_22_train_726,TAAAGGAAGGAGAGTAACAATG
paper_RBS_22_train_727,TAAAGGAAGGAGGGTGAGGATG
paper_RBS_22_train_728,TAAAGGAAGGAGGTGGGGTATG
paper_RBS_22_train_729,TAAAGGAAGGAGGTGGTATATG
paper_RBS_22_train_730,TAAAGGCAGGAGAAATTTAATG
paper_RBS_22_train_731,TAAAGGCAGGAGAAGATTGATG
paper_RBS_22_train_732,TAAAGGCAGGAGACGGGGGATG
paper_RBS_22_train_733,TAAAGGCAGGAGATGGGGTATG
paper_RBS_22_train_734,TAAAGGCAGGAGATGGGTTATG
paper_RBS_22_train_735,TAAAGGCAGGAGATGTAAGATG
paper_RBS_22_train_736,TAAAGGCAGGAGATTGGTCATG
paper_RBS_22_train_737,TAAAGGCAGGAGGAACTGTATG
paper_RBS_22_train_738,TAAAGGCAGGAGGAATGGTATG
paper_RBS_22_train_739,TAAAGGCAGGAGGATAGTGATG
paper_RBS_22_train_740,TAAAGGCAGGAGGGGCGGTATG
paper_RBS_22_train_741,TAAAGGCAGGAGGGGTTTAATG
paper_RBS_22_train_742,TAAAGGCAGGAGGGTTCGAATG
paper_RBS_22_train_743,TAAAGGGAGGAGAATTTGGATG
paper_RBS_22_train_744,TAAAGGGAGGAGATGTGGGATG
paper_RBS_22_train_745,TAAGAAAAGGAGATCGGGAATG
paper_RBS_22_train_746,TAAGAACAGGAGAGTTTGGATG
paper_RBS_22_train_747,TAAGAACAGGAGGGTAATTATG
paper_RBS_22_train_748,TAAGAGAAGGAGGGGTTTGATG
paper_RBS_22_train_749,TAAGAGAAGGAGGGTATAAATG
paper_RBS_22_train_750,TAAGAGAAGGAGGGTGTGGATG
paper_RBS_22_train_751,TAAGAGAAGGAGGTGGTCGATG
paper_RBS_22_train_752,TAAGAGAAGGAGGTGTTTGATG
paper_RBS_22_train_753,TAAGAGCAGGAGAAAAATGATG
paper_RBS_22_train_754,TAAGAGCAGGAGAAACGTCATG
paper_RBS_22_train_755,TAAGAGCAGGAGAGCGGGAATG
paper_RBS_22_train_756,TAAGAGCAGGAGATAGGGGATG
paper_RBS_22_train_757,TAAGAGCAGGAGATCAGGAATG
paper_RBS_22_train_758,TAAGAGCAGGAGATCTACGATG
paper_RBS_22_train_759,TAAGAGCAGGAGATGTTTTATG
paper_RBS_22_train_760,TAAGAGCAGGAGATTCATCATG
paper_RBS_22_train_761,TAAGAGCAGGAGGAATGTAATG
paper_RBS_22_train_762,TAAGAGCAGGAGGGTTAGTATG
paper_RBS_22_train_763,TAAGAGCAGGAGGTCTTTTATG
paper_RBS_22_train_764,TAAGAGCAGGAGGTTATGTATG
paper_RBS_22_train_765,TAAGAGGAGGAGAGAACTAATG
paper_RBS_22_train_766,TAAGAGGAGGAGAGTGGTTATG
paper_RBS_22_train_767,TAAGAGGAGGAGATTTCGAATG
paper_RBS_22_train_768,TAAGGAAAGGAGACACCTCATG
paper_RBS_22_train_769,TAAGGAAAGGAGAGGTAGGATG
paper_RBS_22_train_770,TAAGGAAAGGAGAGTGTGTATG
paper_RBS_22_train_771,TAAGGAAAGGAGAGTTAACATG
paper_RBS_22_train_772,TAAGGAAAGGAGATGGGCGATG
paper_RBS_22_train_773,TAAGGAAAGGAGGGTCGTGATG
paper_RBS_22_train_774,TAAGGACAGGAGAAATACTATG
paper_RBS_22_train_775,TAAGGACAGGAGAATTGTCATG
paper_RBS_22_train_776,TAAGGACAGGAGACTCCCGATG
paper_RBS_22_train_777,TAAGGACAGGAGAGCATGGATG
paper_RBS_22_train_778,TAAGGACAGGAGAGTTATTATG
paper_RBS_22_train_779,TAAGGACAGGAGAGTTGGGATG
paper_RBS_22_train_780,TAAGGACAGGAGATAAGGTATG
paper_RBS_22_train_781,TAAGGACAGGAGATGGGTCATG
paper_RBS_22_train_782,TAAGGACAGGAGGATGTGGATG
paper_RBS_22_train_783,TAAGGACAGGAGGGTGGAAATG
paper_RBS_22_train_784,TAAGGACAGGAGGTTTATTATG
paper_RBS_22_train_785,TAAGGACAGGAGGTTTGTTATG
paper_RBS_22_train_786,TAAGGAGAGGAGACAGGGGATG
paper_RBS_22_train_787,TAAGGAGAGGAGAGTTGTAATG
paper_RBS_22_train_788,TAAGGAGAGGAGATGATCGATG
paper_RBS_22_train_789,TAAGGAGAGGAGATGGTATATG
paper_RBS_22_train_790,TAAGGAGAGGAGGGTTATAATG
paper_RBS_22_train_791,TAAGGAGAGGAGGTGTATTATG
paper_RBS_22_train_792,TAAGGAGAGGAGGTTCTTTATG
paper_RBS_22_train_793,TAAGGGAAGGAGAAAGTGGATG
paper_RBS_22_train_794,TAAGGGAAGGAGAAGGGTTATG
paper_RBS_22_train_795,TAAGGGAAGGAGAATATTTATG
paper_RBS_22_train_796,TAAGGGAAGGAGAATTTGTATG
paper_RBS_22_train_797,TAAGGGAAGGAGACGGTGGATG
paper_RBS_22_train_798,TAAGGGAAGGAGACGTCTGATG
paper_RBS_22_train_799,TAAGGGAAGGAGACTATGGATG
paper_RBS_22_train_800,TAAGGGAAGGAGACTGGTTATG
paper_RBS_22_train_801,TAAGGGAAGGAGAGCGTGTATG
paper_RBS_22_train_802,TAAGGGAAGGAGAGGGATTATG
paper_RBS_22_train_803,TAAGGGAAGGAGAGGGGGAATG
paper_RBS_22_train_804,TAAGGGAAGGAGAGTAGTTATG
paper_RBS_22_train_805,TAAGGGAAGGAGAGTGGAGATG
paper_RBS_22_train_806,TAAGGGAAGGAGAGTGTGTATG
paper_RBS_22_train_807,TAAGGGAAGGAGAGTTGGGATG
paper_RBS_22_train_808,TAAGGGAAGGAGATAGCCTATG
paper_RBS_22_train_809,TAAGGGAAGGAGATCTCACATG
paper_RBS_22_train_810,TAAGGGAAGGAGATGGTTCATG
paper_RBS_22_train_811,TAAGGGAAGGAGATTAAAGATG
paper_RBS_22_train_812,TAAGGGAAGGAGATTTTAGATG
paper_RBS_22_train_813,TAAGGGAAGGAGGAAGTTTATG
paper_RBS_22_train_814,TAAGGGAAGGAGGCGTGGGATG
paper_RBS_22_train_815,TAAGGGAAGGAGGGACTTAATG
paper_RBS_22_train_816,TAAGGGAAGGAGGGATATCATG
paper_RBS_22_train_817,TAAGGGAAGGAGGGGCATTATG
paper_RBS_22_train_818,TAAGGGAAGGAGGGTATGGATG
paper_RBS_22_train_819,TAAGGGAAGGAGGGTATTTATG
paper_RBS_22_train_820,TAAGGGAAGGAGGGTGAAGATG
paper_RBS_22_train_821,TAAGGGAAGGAGGGTGGGAATG
paper_RBS_22_train_822,TAAGGGAAGGAGGGTGTATATG
paper_RBS_22_train_823,TAAGGGAAGGAGGTAGTTAATG
paper_RBS_22_train_824,TAAGGGAAGGAGGTCTTGGATG
paper_RBS_22_train_825,TAAGGGAAGGAGGTGTGTAATG
paper_RBS_22_train_826,TAAGGGAAGGAGGTTAAGTATG
paper_RBS_22_train_827,TAAGGGAAGGAGGTTGACCATG
paper_RBS_22_train_828,TAAGGGAAGGAGGTTGGGGATG
paper_RBS_22_train_829,TAAGGGAAGGAGGTTTTTGATG
paper_RBS_22_train_830,TAAGGGCAGGAGAAAGGTTATG
paper_RBS_22_train_831,TAAGGGCAGGAGAAATATGATG
paper_RBS_22_train_832,TAAGGGCAGGAGAACGGCGATG
paper_RBS_22_train_833,TAAGGGCAGGAGAACGTTCATG
paper_RBS_22_train_834,TAAGGGCAGGAGAACTGGGATG
paper_RBS_22_train_835,TAAGGGCAGGAGAAGCGTGATG
paper_RBS_22_train_836,TAAGGGCAGGAGAAGGGGAATG
paper_RBS_22_train_837,TAAGGGCAGGAGAAGGGGTATG
paper_RBS_22_train_838,TAAGGGCAGGAGAATCTTGATG
paper_RBS_22_train_839,TAAGGGCAGGAGACAGGTGATG
paper_RBS_22_train_840,TAAGGGCAGGAGACATTCGATG
paper_RBS_22_train_841,TAAGGGCAGGAGACGGTATATG
paper_RBS_22_train_842,TAAGGGCAGGAGACGTCACATG
paper_RBS_22_train_843,TAAGGGCAGGAGACGTTACATG
paper_RBS_22_train_844,TAAGGGCAGGAGACTTCTCATG
paper_RBS_22_train_845,TAAGGGCAGGAGAGATGAAATG
paper_RBS_22_train_846,TAAGGGCAGGAGAGATGATATG
paper_RBS_22_train_847,TAAGGGCAGGAGAGATTATATG
paper_RBS_22_train_848,TAAGGGCAGGAGAGCCGGGATG
paper_RBS_22_train_849,TAAGGGCAGGAGAGCGCCTATG
paper_RBS_22_train_850,TAAGGGCAGGAGAGGCAAGATG
paper_RBS_22_train_851,TAAGGGCAGGAGAGGGAGGATG
paper_RBS_22_train_852,TAAGGGCAGGAGAGGGGGTATG
paper_RBS_22_train_853,TAAGGGCAGGAGAGGGGTGATG
paper_RBS_22_train_854,TAAGGGCAGGAGAGGGTGGATG
paper_RBS_22_train_855,TAAGGGCAGGAGAGGTAGAATG
paper_RBS_22_train_856,TAAGGGCAGGAGAGGTGATATG
paper_RBS_22_train_857,TAAGGGCAGGAGAGTATGTATG
paper_RBS_22_train_858,TAAGGGCAGGAGAGTCCGTATG
paper_RBS_22_train_859,TAAGGGCAGGAGATACGGGATG
paper_RBS_22_train_860,TAAGGGCAGGAGATAGTTAATG
paper_RBS_22_train_861,TAAGGGCAGGAGATCAAAGATG
paper_RBS_22_train_862,TAAGGGCAGGAGATCCGTGATG
paper_RBS_22_train_863,TAAGGGCAGGAGATGAGGTATG
paper_RBS_22_train_864,TAAGGGCAGGAGATGGAACATG
paper_RBS_22_train_865,TAAGGGCAGGAGATGGCAAATG
paper_RBS_22_train_866,TAAGGGCAGGAGATGTAAGATG
paper_RBS_22_train_867,TAAGGGCAGGAGATGTCCTATG
paper_RBS_22_train_868,TAAGGGCAGGAGATGTGTGATG
paper_RBS_22_train_869,TAAGGGCAGGAGATTAGTGATG
paper_RBS_22_train_870,TAAGGGCAGGAGATTGCTGATG
paper_RBS_22_train_871,TAAGGGCAGGAGATTGTTGATG
paper_RBS_22_train_872,TAAGGGCAGGAGATTTGATATG
paper_RBS_22_train_873,TAAGGGCAGGAGATTTTCCATG
paper_RBS_22_train_874,TAAGGGCAGGAGATTTTTAATG
paper_RBS_22_train_875,TAAGGGCAGGAGGAATTTGATG
paper_RBS_22_train_876,TAAGGGCAGGAGGACAGTGATG
paper_RBS_22_train_877,TAAGGGCAGGAGGATAGGTATG
paper_RBS_22_train_878,TAAGGGCAGGAGGATGAATATG
paper_RBS_22_train_879,TAAGGGCAGGAGGATGGATATG
paper_RBS_22_train_880,TAAGGGCAGGAGGATTCTGATG
paper_RBS_22_train_881,TAAGGGCAGGAGGCATGGGATG
paper_RBS_22_train_882,TAAGGGCAGGAGGGACGGTATG
paper_RBS_22_train_883,TAAGGGCAGGAGGGAGCGGATG
paper_RBS_22_train_884,TAAGGGCAGGAGGGATAAGATG
paper_RBS_22_train_885,TAAGGGCAGGAGGGGAGAAATG
paper_RBS_22_train_886,TAAGGGCAGGAGGGGCGTAATG
paper_RBS_22_train_887,TAAGGGCAGGAGGGGTATGATG
paper_RBS_22_train_888,TAAGGGCAGGAGGGGTTTAATG
paper_RBS_22_train_889,TAAGGGCAGGAGGGTAGTAATG
paper_RBS_22_train_890,TAAGGGCAGGAGGGTCTTCATG
paper_RBS_22_train_891,TAAGGGCAGGAGGGTGATTATG
paper_RBS_22_train_892,TAAGGGCAGGAGGGTGGGAATG
paper_RBS_22_train_893,TAAGGGCAGGAGGGTGGGCATG
paper_RBS_22_train_894,TAAGGGCAGGAGGGTGGTCATG
paper_RBS_22_train_895,TAAGGGCAGGAGGGTGTGGATG
paper_RBS_22_train_896,TAAGGGCAGGAGGGTGTTTATG
paper_RBS_22_train_897,TAAGGGCAGGAGGGTTCTAATG
paper_RBS_22_train_898,TAAGGGCAGGAGGGTTTTGATG
paper_RBS_22_train_899,TAAGGGCAGGAGGTAAACAATG
paper_RBS_22_train_900,TAAGGGCAGGAGGTACATGATG
paper_RBS_22_train_901,TAAGGGCAGGAGGTACTTAATG
paper_RBS_22_train_902,TAAGGGCAGGAGGTAGACGATG
paper_RBS_22_train_903,TAAGGGCAGGAGGTCACGGATG
paper_RBS_22_train_904,TAAGGGCAGGAGGTCCAGTATG
paper_RBS_22_train_905,TAAGGGCAGGAGGTCTATAATG
paper_RBS_22_train_906,TAAGGGCAGGAGGTTAGCTATG
paper_RBS_22_train_907,TAAGGGCAGGAGGTTATGAATG
paper_RBS_22_train_908,TAAGGGCAGGAGGTTCGTCATG
paper_RBS_22_train_909,TAAGGGCAGGAGGTTCTGGATG
paper_RBS_22_train_910,TAAGGGCAGGAGGTTGGCTATG
paper_RBS_22_train_911,TAAGGGCAGGAGGTTTCTTATG
paper_RBS_22_train_912,TAAGGGCAGGAGGTTTGAGATG
paper_RBS_22_train_913,TAAGGGCAGGAGGTTTTCGATG
paper_RBS_22_train_914,TAAGGGGAGGAGAAATGGTATG
paper_RBS_22_train_915,TAAGGGGAGGAGAAGTACGATG
paper_RBS_22_train_916,TAAGGGGAGGAGAGAAAGGATG
paper_RBS_22_train_917,TAAGGGGAGGAGAGTGTCGATG
paper_RBS_22_train_918,TAAGGGGAGGAGAGTTTATATG
paper_RBS_22_train_919,TAAGGGGAGGAGATCGTGGATG
paper_RBS_22_train_920,TAAGGGGAGGAGATTCTGGATG
paper_RBS_22_test_0,TAAGCAGGACACACACATG
paper_RBS_22_test_1,TAAGCAGGACACACACAATG
paper_RBS_22_test_2,TAAGCAGGACACACACACATG
paper_RBS_22_test_3,TAAGCAGGACACACACACAATG
paper_RBS_22_test_4,TAAGCAGGACACACACACACATG
paper_RBS_22_test_5,TAAGCAGGACACACACACACAATG
paper_RBS_22_test_6,TAAGCAGGACACACACACACACATG
paper_RBS_22_test_7,TAAGCAGGAGCACACAATG
paper_RBS_22_test_8,TAAGCAGGAGCACACACATG
paper_RBS_22_test_9,TAAGCAGGAGCACACACAATG
paper_RBS_22_test_10,TAAGCAGGAGCACACACACATG
paper_RBS_22_test_11,TAAGCAGGAGCACACACACAATG
paper_RBS_22_test_12,TAAGCAGGAGCACACACACACATG
paper_RBS_22_test_13,TAAGCAGGAGCACACACACACAATG
paper_RBS_22_test_14,TAACAAGGAGCACACAATG
paper_RBS_22_test_15,TAACAAGGAGCACACACATG
paper_RBS_22_test_16,TAACAAGGAGCACACACAATG
paper_RBS_22_test_17,TAACAAGGAGCACACACACATG
paper_RBS_22_test_18,TAAAAGGAGCACACACACAATG
paper_RBS_22_test_19,TAAAAGGAGCACACACACACATG
paper_RBS_22_test_20,TAACAAGGAGCACACACACACAATG
paper_RBS_22_test_21,TAACAAGGAGGCACACATG
paper_RBS_22_test_22,TAACAAGGAGGCACACAATG
paper_RBS_22_test_23,TAACAAGGAGGCACACACATG
paper_RBS_22_test_24,TAACAAGGAGGCACACACAATG
paper_RBS_22_test_25,TAAAAGGAGGCACACACACATG
paper_RBS_22_test_26,TAAAAGGAGGCACACACACAATG
paper_RBS_22_test_27,TAACAAGGAGGCACACACACACATG
paper_RBS_22_test_28,TAATAAGGAGGCACACATG
paper_RBS_22_test_29,TAATAAGGAGGCACACAATG
paper_RBS_22_test_30,TAATAAGGAGGCACACACATG
paper_RBS_22_test_31,TAATAAGGAGGCACACACAATG
paper_RBS_22_test_32,TAATAAGGAGGCACACACACATG
paper_RBS_22_test_33,TAATAAGGAGGCACACACACAATG
paper_RBS_22_test_34,TAATAAGGAGGCACACACACACATG
paper_RBS_22_test_35,TAATAAGGAGGTCACAATG
paper_RBS_22_test_36,TAATAAGGAGGTCACACATG
paper_RBS_22_test_37,TAATAAGGAGGTCACACAATG
paper_RBS_22_test_38,TAATAAGGAGGTCACACACATG
paper_RBS_22_test_39,TAATAAGGAGGTCACACACAATG
paper_RBS_22_test_40,TAATAAGGAGGTCACACACACATG
paper_RBS_22_test_41,TAATAAGGAGGTCACACACACAATG
paper_RBS_22_test_42,TAACAAGGAGGTCACAATG
paper_RBS_22_test_43,TAACAAGGAGGTCACACATG
paper_RBS_22_test_44,TAACAAGGAGGTCACACAATG
paper_RBS_22_test_45,TAACAAGGAGGTCACACACATG
paper_RBS_22_test_46,TAAAAGGAGGTCACACACAATG
paper_RBS_22_test_47,TAAAAGGAGGTCACACACACATG
paper_RBS_22_test_48,TAACAAGGAGGTCACACACACAATG
paper_RBS_22_test_49,TAAGCAGGATGTGTGTGTGATG
paper_RBS_22_test_50,TAAGCAGGAGTGTGTGTGTATG
paper_RBS_22_test_51,TAACAAGGAGTGTGTGTGTATG
paper_RBS_22_test_52,TAAAAGGAGTGTGTGTGTGATG
paper_RBS_22_test_53,TAAAAGGAGTGTGTGTGTGTATG
paper_RBS_22_test_54,TAACAAGGAGGGTGTGTGTATG
paper_RBS_22_test_55,TAAAAGGAGGGTGTGTGTGATG
paper_RBS_22_test_56,TAAAAGGAGGGTGTGTGTGTATG
paper_RBS_22_test_57,TAATAAGGAGGGTGTGTGTATG
paper_RBS_22_test_58,TAATAAGGAGGGTGTGTGTGATG
paper_RBS_22_test_59,TAATAAGGAGGGTGTGTGTGTATG
paper_RBS_22_test_60,TAAAAGGAGGTGTGTGTGTATG
paper_RBS_22_test_61,TAAAAGGAGGTGTGTGTGTGATG
RBS_22_spacer_5_vol_1,GAAAGAGGAGAAATTTTGAATG
RBS_22_spacer_5_vol_2,GAAAGAGGAGAAAATAGTAATG
RBS_22_spacer_5_vol_3,GAAAGAGGAGAAATGAAGAATG
RBS_22_spacer_5_vol_4,GAAAGAGGAGAAATGGCGAATG
RBS_22_spacer_5_vol_5,GAAAGAGGAGAAAGCCCCAATG
RBS_22_spacer_5_vol_6,GAAAGAGGAGAAATCATAAATG
RBS_22_spacer_5_vol_7,GAAAGAGGAGAAAGATCTAATG
RBS_22_spacer_5_vol_8,GAAAGAGGAGAAACGTAAAATG
RBS_22_spacer_5_vol_9,GAAAGAGGAGAAACAATTAATG
RBS_22_spacer_5_vol_10,GAAAGAGGAGAAAAATTCAATG
RBS_22_spacer_5_vol_11,GAAAGAGGAGAAATGAACAATG
RBS_22_spacer_5_vol_12,GAAAGAGGAGAAAGAAGGAATG
RBS_22_spacer_5_vol_13,GAAAGAGGAGAAACCTCGAATG
RBS_22_spacer_5_vol_14,GAAAGAGGAGAAACCCTTAATG
RBS_22_spacer_5_vol_15,GAAAGAGGAGAAAGACACAATG
RBS_22_spacer_5_vol_16,GAAAGAGGAGAAATGGATAATG
RBS_22_spacer_5_vol_17,GAAAGAGGAGAAAGTTCGAATG
RBS_22_spacer_5_vol_18,GAAAGAGGAGAAACGACTAATG
RBS_22_spacer_5_vol_19,GAAAGAGGAGAAATGGAGAATG
RBS_22_spacer_5_vol_20,GAAAGAGGAGAAAAGAGAAATG
RBS_22_spacer_5_vol_21,GAAAGAGGAGAAAATCCTAATG
RBS_22_spacer_5_vol_22,GAAAGAGGAGAAATGAAAAATG
RBS_22_spacer_5_vol_23,GAAAGAGGAGAAACGCGGAATG
RBS_22_spacer_5_vol_24,GAAAGAGGAGAAATCTTTAATG
RBS_22_spacer_5_vol_25,GAAAGAGGAGAAACATTTAATG
RBS_22_spacer_5_vol_26,GAAAGAGGAGAAAACTAGAATG
RBS_22_spacer_5_vol_27,GAAAGAGGAGAAAGCTCGAATG
RBS_22_spacer_5_vol_28,GAAAGAGGAGAAAACAGTAATG
RBS_22_spacer_5_vol_29,GAAAGAGGAGAAAGTTAAAATG
RBS_22_spacer_5_vol_30,GAAAGAGGAGAAAAAAGGAATG
RBS_22_spacer_5_vol_31,GAAAGAGGAGAAATTTATAATG
RBS_22_spacer_5_vol_32,GAAAGAGGAGAAAAGGTGAATG
RBS_22_spacer_5_vol_33,GAAAGAGGAGAAAGTTAGAATG
RBS_22_spacer_5_vol_34,GAAAGAGGAGAAAGGTAGAATG
RBS_22_spacer_5_vol_35,GAAAGAGGAGAAACGGTTAATG
RBS_22_spacer_5_vol_36,GAAAGAGGAGAAAGAGAGAATG
RBS_22_spacer_5_vol_37,GAAAGAGGAGAAATATGAAATG
RBS_22_spacer_5_vol_38,GAAAGAGGAGAAACTAGCAATG
RBS_22_spacer_5_vol_39,GAAAGAGGAGAAAGCATTAATG
RBS_22_spacer_5_vol_40,GAAAGAGGAGAAAGTCGTAATG
RBS_22_spacer_5_vol_41,GAAAGAGGAGAAATAGTCAATG
RBS_22_spacer_5_vol_42,GAAAGAGGAGAAATCCGAAATG
RBS_22_spacer_5_vol_43,GAAAGAGGAGAAACGCCGAATG
RBS_22_spacer_5_vol_44,GAAAGAGGAGAAACCGTCAATG
RBS_22_spacer_5_vol_45,GAAAGAGGAGAAACCATGAATG
RBS_22_spacer_5_vol_46,GAAAGAGGAGAAAGTGTGAATG
RBS_22_spacer_5_vol_47,GAAAGAGGAGAAAGCGTGAATG
RBS_22_spacer_5_vol_48,GAAAGAGGAGAAAGTCTTAATG
RBS_22_spacer_5_vol_49,GAAAGAGGAGAAATTATGAATG
RBS_22_spacer_5_vol_50,GAAAGAGGAGAAATGGTCAATG
RBS_22_spacer_5_vol_51,GAAAGAGGAGAAACATCGAATG
RBS_22_spacer_5_vol_52,GAAAGAGGAGAAATCATCAATG
RBS_22_spacer_5_vol_53,GAAAGAGGAGAAACGGATAATG
RBS_22_spacer_5_vol_54,GAAAGAGGAGAAAGGGTGAATG
RBS_22_spacer_5_vol_55,GAAAGAGGAGAAACTAATAATG
RBS_22_spacer_5_vol_56,GAAAGAGGAGAAATTCGCAATG
RBS_22_spacer_5_vol_57,GAAAGAGGAGAAAGACACAATG
RBS_22_spacer_5_vol_58,GAAAGAGGAGAAATAAGAAATG
RBS_22_spacer_5_vol_59,GAAAGAGGAGAAATGGGCAATG
RBS_22_spacer_5_vol_60,GAAAGAGGAGAAAGGGTTAATG
RBS_22_spacer_5_vol_61,GAAAGAGGAGAAAGCGGCAATG
RBS_22_spacer_5_vol_62,GAAAGAGGAGAAATAAAAAATG
RBS_22_spacer_5_vol_63,GAAAGAGGAGAAAATTTTAATG
RBS_22_spacer_5_vol_64,GAAAGAGGAGAAACGGGCAATG
RBS_22_spacer_5_vol_65,GAAAGAGGAGAAAAGTTGAATG
RBS_22_spacer_5_vol_66,GAAAGAGGAGAAAGGTGGAATG
RBS_22_spacer_5_vol_67,GAAAGAGGAGAAACTGTAAATG
RBS_22_spacer_5_vol_68,GAAAGAGGAGAAAGTGGTAATG
RBS_22_spacer_5_vol_69,GAAAGAGGAGAAATCGTTAATG
RBS_22_spacer_5_vol_70,GAAAGAGGAGAAATCGACAATG
RBS_22_spacer_5_vol_71,GAAAGAGGAGAAAGCTGTAATG
RBS_22_spacer_5_vol_72,GAAAGAGGAGAAATCCGAAATG
RBS_22_spacer_5_vol_73,GAAAGAGGAGAAATGTGCAATG
RBS_22_spacer_5_vol_74,GAAAGAGGAGAAAGGCCGAATG
RBS_22_spacer_5_vol_75,GAAAGAGGAGAAAGTCTGAATG
RBS_22_spacer_5_vol_76,GAAAGAGGAGAAAGGCCAAATG
RBS_22_spacer_5_vol_77,GAAAGAGGAGAAAAACGAAATG
RBS_22_spacer_5_vol_78,GAAAGAGGAGAAAGGGATAATG
RBS_22_spacer_5_vol_79,GAAAGAGGAGAAAAGCCCAATG
RBS_22_spacer_5_vol_80,GAAAGAGGAGAAATGTCTAATG
RBS_22_spacer_5_vol_81,GAAAGAGGAGAAATTGGGAATG
RBS_22_spacer_5_vol_82,GAAAGAGGAGAAAGTTGGAATG
RBS_22_spacer_5_vol_83,GAAAGAGGAGAAAGATGGAATG
RBS_22_spacer_5_vol_84,GAAAGAGGAGAAATAAGTAATG
RBS_22_spacer_5_vol_85,GAAAGAGGAGAAAGCGCAAATG
RBS_22_spacer_5_vol_86,GAAAGAGGAGAAAACTGAAATG
RBS_22_spacer_5_vol_87,GAAAGAGGAGAAAGTCATAATG
RBS_22_spacer_5_vol_88,GAAAGAGGAGAAAGTGGTAATG
RBS_22_spacer_5_vol_89,GAAAGAGGAGAAACTTTGAATG
RBS_22_spacer_5_vol_90,GAAAGAGGAGAAAGAGCCAATG
RBS_22_spacer_5_vol_91,GAAAGAGGAGAAAGGACAAATG
RBS_22_spacer_5_vol_92,GAAAGAGGAGAAAGCTTTAATG
RBS_22_spacer_5_vol_93,GAAAGAGGAGAAAACGGAAATG
RBS_22_spacer_5_vol_94,GAAAGAGGAGAAATTTTGAATG
RBS_22_spacer_5_vol_95,GAAAGAGGAGAAAAGTCCAATG
RBS_22_spacer_5_vol_96,GAAAGAGGAGAAACCTCCAATG
RBS_22_spacer_5_vol_97,GAAAGAGGAGAAAGGTTCAATG
RBS_22_spacer_5_vol_98,GAAAGAGGAGAAAGTCCGAATG
RBS_22_spacer_5_vol_99,GAAAGAGGAGAAAGCCTCAATG
RBS_22_spacer_5_vol_100,GAAAGAGGAGAAAATTATAATG
RBS_22_spacer_6_vol_1,AAAGAGGAGAAAGTATATAATG
RBS_22_spacer_6_vol_2,AAAGAGGAGAAACTACTCAATG
RBS_22_spacer_6_vol_3,AAAGAGGAGAAAACCCAAAATG
RBS_22_spacer_6_vol_4,AAAGAGGAGAAAGGCGTCAATG
RBS_22_spacer_6_vol_5,AAAGAGGAGAAATCTCGGAATG
RBS_22_spacer_6_vol_6,AAAGAGGAGAAAGCTGTCAATG
RBS_22_spacer_6_vol_7,AAAGAGGAGAAAGAATACAATG
RBS_22_spacer_6_vol_8,AAAGAGGAGAAATAACGGAATG
RBS_22_spacer_6_vol_9,AAAGAGGAGAAACGGTACAATG
RBS_22_spacer_6_vol_10,AAAGAGGAGAAATGGAGTAATG
RBS_22_spacer_6_vol_11,AAAGAGGAGAAAGTTCATAATG
RBS_22_spacer_6_vol_12,AAAGAGGAGAAAGTTCTGAATG
RBS_22_spacer_6_vol_13,AAAGAGGAGAAAGACGACAATG
RBS_22_spacer_6_vol_14,AAAGAGGAGAAAAGTGTTAATG
RBS_22_spacer_6_vol_15,AAAGAGGAGAAAGCTGGAAATG
RBS_22_spacer_6_vol_16,AAAGAGGAGAAAATCAGGAATG
RBS_22_spacer_6_vol_17,AAAGAGGAGAAAGCGCAAAATG
RBS_22_spacer_6_vol_18,AAAGAGGAGAAACGGGCAAATG
RBS_22_spacer_6_vol_19,AAAGAGGAGAAAGGGCAAAATG
RBS_22_spacer_6_vol_20,AAAGAGGAGAAACTGTTCAATG
RBS_22_spacer_6_vol_21,AAAGAGGAGAAACGAGATAATG
RBS_22_spacer_6_vol_22,AAAGAGGAGAAACAACCAAATG
RBS_22_spacer_6_vol_23,AAAGAGGAGAAAAAGATAAATG
RBS_22_spacer_6_vol_24,AAAGAGGAGAAAATTAGAAATG
RBS_22_spacer_6_vol_25,AAAGAGGAGAAATTTTTTAATG
RBS_22_spacer_6_vol_26,AAAGAGGAGAAAGGAGCGAATG
RBS_22_spacer_6_vol_27,AAAGAGGAGAAATGGCAGAATG
RBS_22_spacer_6_vol_28,AAAGAGGAGAAAGTTCGCAATG
RBS_22_spacer_6_vol_29,AAAGAGGAGAAACATCCCAATG
RBS_22_spacer_6_vol_30,AAAGAGGAGAAATGGGTGAATG
RBS_22_spacer_6_vol_31,AAAGAGGAGAAACCAGCCAATG
RBS_22_spacer_6_vol_32,AAAGAGGAGAAACTGTCGAATG
RBS_22_spacer_6_vol_33,AAAGAGGAGAAATTACGGAATG
RBS_22_spacer_6_vol_34,AAAGAGGAGAAAGCACTGAATG
RBS_22_spacer_6_vol_35,AAAGAGGAGAAACGTGGTAATG
RBS_22_spacer_6_vol_36,AAAGAGGAGAAAGGGTCGAATG
RBS_22_spacer_6_vol_37,AAAGAGGAGAAAAGTTGTAATG
RBS_22_spacer_6_vol_38,AAAGAGGAGAAATAATGTAATG
RBS_22_spacer_6_vol_39,AAAGAGGAGAAATTTCGAAATG
RBS_22_spacer_6_vol_40,AAAGAGGAGAAAGGCGCGAATG
RBS_22_spacer_6_vol_41,AAAGAGGAGAAAAGGGTGAATG
RBS_22_spacer_6_vol_42,AAAGAGGAGAAATAGGCAAATG
RBS_22_spacer_6_vol_43,AAAGAGGAGAAAGGAGGAAATG
RBS_22_spacer_6_vol_44,AAAGAGGAGAAATGGGGTAATG
RBS_22_spacer_6_vol_45,AAAGAGGAGAAACCCGAAAATG
RBS_22_spacer_6_vol_46,AAAGAGGAGAAAATGTAAAATG
RBS_22_spacer_6_vol_47,AAAGAGGAGAAACCCGCAAATG
RBS_22_spacer_6_vol_48,AAAGAGGAGAAATTTTCTAATG
RBS_22_spacer_6_vol_49,AAAGAGGAGAAAGTGTCTAATG
RBS_22_spacer_6_vol_50,AAAGAGGAGAAAGGTTCTAATG
RBS_22_spacer_6_vol_51,AAAGAGGAGAAAGACTTAAATG
RBS_22_spacer_6_vol_52,AAAGAGGAGAAAGGGTTCAATG
RBS_22_spacer_6_vol_53,AAAGAGGAGAAAAGACGGAATG
RBS_22_spacer_6_vol_54,AAAGAGGAGAAATGATAAAATG
RBS_22_spacer_6_vol_55,AAAGAGGAGAAAGGCCGCAATG
RBS_22_spacer_6_vol_56,AAAGAGGAGAAAATAGTTAATG
RBS_22_spacer_6_vol_57,AAAGAGGAGAAATCGCGCAATG
RBS_22_spacer_6_vol_58,AAAGAGGAGAAAGATCTCAATG
RBS_22_spacer_6_vol_59,AAAGAGGAGAAACCCTCCAATG
RBS_22_spacer_6_vol_60,AAAGAGGAGAAAAGGCTTAATG
RBS_22_spacer_6_vol_61,AAAGAGGAGAAATCTTAAAATG
RBS_22_spacer_6_vol_62,AAAGAGGAGAAACGCGGTAATG
RBS_22_spacer_6_vol_63,AAAGAGGAGAAAATCGCCAATG
RBS_22_spacer_6_vol_64,AAAGAGGAGAAAATATCAAATG
RBS_22_spacer_6_vol_65,AAAGAGGAGAAAACCTTCAATG
RBS_22_spacer_6_vol_66,AAAGAGGAGAAAAGTTTTAATG
RBS_22_spacer_6_vol_67,AAAGAGGAGAAAACCCGAAATG
RBS_22_spacer_6_vol_68,AAAGAGGAGAAAATGCTTAATG
RBS_22_spacer_6_vol_69,AAAGAGGAGAAATCCGTTAATG
RBS_22_spacer_6_vol_70,AAAGAGGAGAAACGACGGAATG
RBS_22_spacer_6_vol_71,AAAGAGGAGAAATGTCACAATG
RBS_22_spacer_6_vol_72,AAAGAGGAGAAATAACACAATG
RBS_22_spacer_6_vol_73,AAAGAGGAGAAAGTGAACAATG
RBS_22_spacer_6_vol_74,AAAGAGGAGAAAACATTTAATG
RBS_22_spacer_6_vol_75,AAAGAGGAGAAAGGGTCTAATG
RBS_22_spacer_6_vol_76,AAAGAGGAGAAAACCGTTAATG
RBS_22_spacer_6_vol_77,AAAGAGGAGAAAGGCAGTAATG
RBS_22_spacer_6_vol_78,AAAGAGGAGAAAACTCGTAATG
RBS_22_spacer_6_vol_79,AAAGAGGAGAAATATTCTAATG
RBS_22_spacer_6_vol_80,AAAGAGGAGAAATGGCATAATG
RBS_22_spacer_6_vol_81,AAAGAGGAGAAAACGGGTAATG
RBS_22_spacer_6_vol_82,AAAGAGGAGAAATCTATCAATG
RBS_22_spacer_6_vol_83,AAAGAGGAGAAAGGACTTAATG
RBS_22_spacer_6_vol_84,AAAGAGGAGAAAGGTATGAATG
RBS_22_spacer_6_vol_85,AAAGAGGAGAAACGGATCAATG
RBS_22_spacer_6_vol_86,AAAGAGGAGAAACGTATGAATG
RBS_22_spacer_6_vol_87,AAAGAGGAGAAATAGGTAAATG
RBS_22_spacer_6_vol_88,AAAGAGGAGAAAGGTCCCAATG
RBS_22_spacer_6_vol_89,AAAGAGGAGAAAAATACAAATG
RBS_22_spacer_6_vol_90,AAAGAGGAGAAATTGACGAATG
RBS_22_spacer_6_vol_91,AAAGAGGAGAAAATTTTCAATG
RBS_22_spacer_6_vol_92,AAAGAGGAGAAAACAGGTAATG
RBS_22_spacer_6_vol_93,AAAGAGGAGAAATTAGTTAATG
RBS_22_spacer_6_vol_94,AAAGAGGAGAAACTTATGAATG
RBS_22_spacer_6_vol_95,AAAGAGGAGAAAGGGGTCAATG
RBS_22_spacer_6_vol_96,AAAGAGGAGAAACGGTGTAATG
RBS_22_spacer_6_vol_97,AAAGAGGAGAAATCGTGCAATG
RBS_22_spacer_6_vol_98,AAAGAGGAGAAAGTACGGAATG
RBS_22_spacer_6_vol_99,AAAGAGGAGAAAAGTTTAAATG
RBS_22_spacer_6_vol_100,AAAGAGGAGAAAGGTGATAATG
