Seq Names,Sequences,Average bpp
paper_RBS_16_train_0,AAACAGGAGAGGAAAG,0.021578535437583923
paper_RBS_16_train_1,AAACAGGAGATTGGTC,0.39971575140953064
paper_RBS_16_train_2,AAGAAGGAGAGACCTA,1.4351743459701538
paper_RBS_16_train_3,AAGCAGGAGACTTGTT,2.742755889892578
paper_RBS_16_train_4,AAGCAGGAGAGGCACC,0.6592864394187927
paper_RBS_16_train_5,AGACAGGAGAGAGACT,0.1512090265750885
paper_RBS_16_train_6,AGGAAGGAGAAGTCTT,1.1394433975219727
paper_RBS_16_train_7,AGGAAGGAGAGTTTAA,0.08882725983858109
paper_RBS_16_train_8,AGGAAGGAGATACCAG,0.7262693643569946
paper_RBS_16_train_9,AGGAAGGAGGAATGGG,0.003444861387833953
paper_RBS_16_train_10,AGGAAGGAGGATTTGG,0.069081611931324
paper_RBS_16_train_11,AGGCAGGAGAATTTGG,0.2688472867012024
paper_RBS_16_train_12,AGGCAGGAGGAATACG,0.10657771676778793
paper_RBS_16_train_13,GAACAGGAGACTATGG,0.37724927067756653
paper_RBS_16_train_14,GAACAGGAGGATAAAG,0.01736786589026451
paper_RBS_16_train_15,GAACAGGAGGGAACGT,0.11046387255191803
paper_RBS_16_train_16,GAGAAGGAGGTGTGGG,0.009233308956027031
paper_RBS_16_train_17,GAGCAGGAGAGATGAT,0.08182505518198013
paper_RBS_16_train_18,GAGCAGGAGATAAGTG,0.032030921429395676
paper_RBS_16_train_19,GAGCAGGAGATTAGGG,0.025917887687683105
paper_RBS_16_train_20,GAGCAGGAGATTTTGG,0.38638073205947876
paper_RBS_16_train_21,GGAAAGGAGAGTTGTG,0.02678828500211239
paper_RBS_16_train_22,GGAAAGGAGATTACGG,0.06713448464870453
paper_RBS_16_train_23,GGAAAGGAGGATTGGG,0.01669519580900669
paper_RBS_16_train_24,GGAAAGGAGGGTGTGG,0.008412710390985012
paper_RBS_16_train_25,GGAAAGGAGGTGATTT,0.04605678841471672
paper_RBS_16_train_26,GGACAGGAGAAAGGGC,0.027588898316025734
paper_RBS_16_train_27,GGACAGGAGAATGGAG,0.2413245588541031
paper_RBS_16_train_28,GGACAGGAGACTTAGC,0.2076970338821411
paper_RBS_16_train_29,GGACAGGAGAGAGGTG,0.05562427267432213
paper_RBS_16_train_30,GGACAGGAGAGTTTGG,0.9206944108009338
paper_RBS_16_train_31,GGACAGGAGATGATGT,0.4831802546977997
paper_RBS_16_train_32,GGACAGGAGATGGTGA,0.29746735095977783
paper_RBS_16_train_33,GGACAGGAGGAAACGT,0.11286015808582306
paper_RBS_16_train_34,GGACAGGAGGGATTCA,0.5616837739944458
paper_RBS_16_train_35,GGACAGGAGGGTGGTT,0.3635331094264984
paper_RBS_16_train_36,GGACAGGAGGTCTAAG,2.6850128173828125
paper_RBS_16_train_37,GGAGAGGAGATGTCGC,0.7670483589172363
paper_RBS_16_train_38,GGGAAGGAGAACGCTA,0.3611648678779602
paper_RBS_16_train_39,GGGAAGGAGAAGGAAA,1.094805648556589e-15
paper_RBS_16_train_40,GGGAAGGAGAAGTCGT,0.4270309805870056
paper_RBS_16_train_41,GGGAAGGAGAATGGTT,0.013165527954697609
paper_RBS_16_train_42,GGGAAGGAGATCGTCG,0.5672280788421631
paper_RBS_16_train_43,GGGAAGGAGATTTGTA,0.15839165449142456
paper_RBS_16_train_44,GGGAAGGAGGATTGGG,0.016767296940088272
paper_RBS_16_train_45,GGGAAGGAGGCAGGAG,0.06819634884595871
paper_RBS_16_train_46,GGGAAGGAGGGAAAAG,1.094805648556589e-15
paper_RBS_16_train_47,GGGAAGGAGGGCGTGG,0.07942236959934235
paper_RBS_16_train_48,GGGAAGGAGGGTGACA,0.160946786403656
paper_RBS_16_train_49,GGGAAGGAGGTCGTCG,0.572963297367096
paper_RBS_16_train_50,GGGAAGGAGGTCTGAG,0.4613252878189087
paper_RBS_16_train_51,GGGAAGGAGGTGTGTC,0.05783870443701744
paper_RBS_16_train_52,GGGCAGGAGAATCGGC,0.37136512994766235
paper_RBS_16_train_53,GGGCAGGAGACAAGTC,0.3483550250530243
paper_RBS_16_train_54,GGGCAGGAGACAGGCA,1.2146196365356445
paper_RBS_16_train_55,GGGCAGGAGACGAGGC,0.23331382870674133
paper_RBS_16_train_56,GGGCAGGAGAGATGAG,0.07933221757411957
paper_RBS_16_train_57,GGGCAGGAGAGCTATT,2.2637271881103516
paper_RBS_16_train_58,GGGCAGGAGAGGGGCA,0.5395291447639465
paper_RBS_16_train_59,GGGCAGGAGAGGGTAA,0.14235207438468933
paper_RBS_16_train_60,GGGCAGGAGAGGTGTT,0.748835027217865
paper_RBS_16_train_61,GGGCAGGAGAGTGCTC,4.914995193481445
paper_RBS_16_train_62,GGGCAGGAGATAGTCT,1.8917702436447144
paper_RBS_16_train_63,GGGCAGGAGATATTTA,0.052271585911512375
paper_RBS_16_train_64,GGGCAGGAGATCGGGT,0.21535713970661163
paper_RBS_16_train_65,GGGCAGGAGATTGGAT,0.2886165380477905
paper_RBS_16_train_66,GGGCAGGAGGAAGGTG,0.06044572591781616
paper_RBS_16_train_67,GGGCAGGAGGATTTAA,0.028647594153881073
paper_RBS_16_train_68,GGGCAGGAGGGACAGT,0.21269260346889496
paper_RBS_16_train_69,GGGCAGGAGGGAGGAA,0.03081336058676243
paper_RBS_16_train_70,GGGCAGGAGGGATAAT,0.02607761137187481
paper_RBS_16_train_71,GGGCAGGAGGGCCTCG,4.7785162925720215
paper_RBS_16_train_72,GGGCAGGAGGGCGGTG,1.2015624046325684
paper_RBS_16_train_73,GGGCAGGAGGGCGTAA,1.5420101881027222
paper_RBS_16_train_74,GGGCAGGAGGGGAATA,0.030145565047860146
paper_RBS_16_train_75,GGGCAGGAGGGTATCG,0.4353325068950653
paper_RBS_16_train_76,GGGCAGGAGGGTCCCG,4.508674621582031
paper_RBS_16_train_77,GGGCAGGAGGGTCGTT,1.739753246307373
paper_RBS_16_train_78,GGGCAGGAGGGTGAAG,0.22359293699264526
paper_RBS_16_train_79,GGGCAGGAGGGTGCGT,3.07405948638916
paper_RBS_16_train_80,GGGCAGGAGGGTTATA,0.3427695631980896
paper_RBS_16_train_81,GGGCAGGAGGTAATGG,0.24336113035678864
paper_RBS_16_train_82,GGGCAGGAGGTAATTG,0.14297305047512054
paper_RBS_16_train_83,GGGCAGGAGGTACTTG,0.8463376760482788
paper_RBS_16_train_84,GGGCAGGAGGTCTTGT,3.235504388809204
paper_RBS_16_train_85,GGGCAGGAGGTGAGTG,0.1802820861339569
paper_RBS_16_train_86,GGGCAGGAGGTGCGTC,2.8247313499450684
paper_RBS_16_train_87,GGGCAGGAGGTTGATA,0.4130752384662628
paper_RBS_16_train_88,GGGCAGGAGGTTGCGA,3.3337202072143555
paper_RBS_16_train_89,GGGCAGGAGGTTGGCG,2.299328088760376
paper_RBS_16_train_90,GGGCAGGAGGTTGTTA,2.0957870483398438
paper_RBS_16_train_91,GGGCAGGAGGTTTAAG,0.32585570216178894
paper_RBS_16_train_92,GGGCAGGAGGTTTGCC,4.662757873535156
paper_RBS_16_train_93,GGGCAGGAGGTTTGTA,1.219144582748413
paper_RBS_16_train_94,GGGGAGGAGATGGGGG,0.003284129546955228
paper_RBS_16_train_95,GGGGAGGAGGGTGCGG,0.20219357311725616
paper_RBS_16_train_96,AGGCAGGAGACAGGGA,0.1342279016971588
paper_RBS_16_train_97,GAAAAGGAGAGTGTGA,0.007460881024599075
paper_RBS_16_train_98,GGAAAGGAGACGCTAA,0.29830560088157654
paper_RBS_16_train_99,GGACAGGAGGGTTACT,0.6760002970695496
paper_RBS_16_train_100,GGGAAGGAGGATCGGG,0.11871828883886337
paper_RBS_16_train_101,GGGAAGGAGGGGGATT,0.011240030638873577
paper_RBS_16_train_102,GGGCAGGAGATAGGTG,0.061026617884635925
paper_RBS_16_train_103,GGGCAGGAGGGTCTCA,2.2490546703338623
paper_RBS_16_train_104,GGGCAGGAGGTAAAGG,0.11414416879415512
paper_RBS_16_train_105,GGGCAGGAGGTATGGC,0.4373394548892975
paper_RBS_16_train_106,GGGCAGGAGGTTAGTG,0.2712290287017822
paper_RBS_16_train_107,GGGCAGGAGGTTTGGG,0.43809670209884644
paper_RBS_16_train_108,AAAAAGGAGAGTGTAG,0.007591386325657368
paper_RBS_16_train_109,AAAAAGGAGGTTTATT,0.06167600676417351
paper_RBS_16_train_110,AAACAGGAGAAAGGAT,0.019200783222913742
paper_RBS_16_train_111,AAACAGGAGAGTGGGA,0.2882116734981537
paper_RBS_16_train_112,AAAGAGGAGACTCTGC,4.14219331741333
paper_RBS_16_train_113,AAGAAGGAGAATCCGG,1.441805362701416
paper_RBS_16_train_114,AAGAAGGAGATGGGTA,0.00760169280692935
paper_RBS_16_train_115,AAGAAGGAGATTAGTG,0.02217060886323452
paper_RBS_16_train_116,AAGAAGGAGGGTTAGG,0.016773667186498642
paper_RBS_16_train_117,AAGAAGGAGGTGAAGA,0.0038538153748959303
paper_RBS_16_train_118,AAGCAGGAGAAGCGGT,0.6494985818862915
paper_RBS_16_train_119,AAGCAGGAGAAGTGTT,0.7269647121429443
paper_RBS_16_train_120,AAGCAGGAGAGGTTGC,2.115532636642456
paper_RBS_16_train_121,AAGCAGGAGGGATGCA,2.2403125762939453
paper_RBS_16_train_122,AAGCAGGAGGGTCGGT,0.22060759365558624
paper_RBS_16_train_123,AAGCAGGAGGTTAGCC,0.5840273499488831
paper_RBS_16_train_124,AAGCAGGAGGTTGTGG,1.133623480796814
paper_RBS_16_train_125,AAGGAGGAGGGATTGG,0.01974935457110405
paper_RBS_16_train_126,AGAAAGGAGATGTGGA,0.0069397613406181335
paper_RBS_16_train_127,AGAAAGGAGATTGTGG,0.022604066878557205
paper_RBS_16_train_128,AGAAAGGAGGTTAAGG,0.013346157968044281
paper_RBS_16_train_129,AGAAAGGAGGTTCCGC,1.4653228521347046
paper_RBS_16_train_130,AGACAGGAGAACGTGG,0.9231841564178467
paper_RBS_16_train_131,AGACAGGAGGTTATGA,0.3895646333694458
paper_RBS_16_train_132,AGAGAGGAGACATAGG,0.06734838336706161
paper_RBS_16_train_133,AGAGAGGAGATACGTG,0.08832205086946487
paper_RBS_16_train_134,AGAGAGGAGGGATGTT,0.027846841141581535
paper_RBS_16_train_135,AGGAAGGAGAGACTAA,0.3642326295375824
paper_RBS_16_train_136,AGGAAGGAGAGTAAGC,0.007341234479099512
paper_RBS_16_train_137,AGGAAGGAGAGTTCGG,0.8953884243965149
paper_RBS_16_train_138,AGGAAGGAGATTGGGA,0.015561752021312714
paper_RBS_16_train_139,AGGAAGGAGATTTAGA,0.07290863245725632
paper_RBS_16_train_140,AGGAAGGAGATTTGTA,0.15230189263820648
paper_RBS_16_train_141,AGGAAGGAGGCAGGTT,0.0716201514005661
paper_RBS_16_train_142,AGGAAGGAGGGACTTG,1.0401904582977295
paper_RBS_16_train_143,AGGAAGGAGGGGTGTT,0.02159426361322403
paper_RBS_16_train_144,AGGAAGGAGGGTCCAG,1.9719066619873047
paper_RBS_16_train_145,AGGAAGGAGGGTCGCT,0.33311936259269714
paper_RBS_16_train_146,AGGAAGGAGGTAGGGC,0.013485184870660305
paper_RBS_16_train_147,AGGAAGGAGGTGATCT,0.4894391894340515
paper_RBS_16_train_148,AGGAAGGAGGTTACTG,0.47689831256866455
paper_RBS_16_train_149,AGGCAGGAGAATACGT,0.07900605350732803
paper_RBS_16_train_150,AGGCAGGAGAATGTGG,0.9673129916191101
paper_RBS_16_train_151,AGGCAGGAGAGGTGGA,0.12142414599657059
paper_RBS_16_train_152,AGGCAGGAGAGTTCGT,0.4448237419128418
paper_RBS_16_train_153,AGGCAGGAGAGTTTCG,0.5581090450286865
paper_RBS_16_train_154,AGGCAGGAGATCAGGG,0.08121928572654724
paper_RBS_16_train_155,AGGCAGGAGATCGGTG,0.1507352888584137
paper_RBS_16_train_156,AGGCAGGAGATGAGGG,0.10969541221857071
paper_RBS_16_train_157,AGGCAGGAGATGGAAT,0.12942323088645935
paper_RBS_16_train_158,AGGCAGGAGATTTCGC,0.3641678988933563
paper_RBS_16_train_159,AGGCAGGAGGAAAGCG,0.5154497623443604
paper_RBS_16_train_160,AGGCAGGAGGAGCTGT,3.4893717765808105
paper_RBS_16_train_161,AGGCAGGAGGATTGTT,1.3478655815124512
paper_RBS_16_train_162,AGGCAGGAGGCGGGAG,0.9689008593559265
paper_RBS_16_train_163,AGGCAGGAGGGTAGGA,0.1596342772245407
paper_RBS_16_train_164,AGGCAGGAGGTAATGG,0.24110184609889984
paper_RBS_16_train_165,AGGCAGGAGGTGATGT,0.6488249897956848
paper_RBS_16_train_166,AGGCAGGAGGTGTTGT,1.4085522890090942
paper_RBS_16_train_167,AGGCAGGAGGTTGGCG,2.1194958686828613
paper_RBS_16_train_168,AGGGAGGAGAAATATG,0.007914294488728046
paper_RBS_16_train_169,AGGGAGGAGAGAAAGG,1.094805648556589e-15
paper_RBS_16_train_170,AGGGAGGAGAGAACTT,0.5262047648429871
paper_RBS_16_train_171,AGGGAGGAGAGTTCAG,0.6801174283027649
paper_RBS_16_train_172,AGGGAGGAGATTTGAG,0.04484990984201431
paper_RBS_16_train_173,AGGGAGGAGGTGTTGG,0.030735405161976814
paper_RBS_16_train_174,GAAAAGGAGGCAATGG,0.03663897514343262
paper_RBS_16_train_175,GAAAAGGAGGGGATTA,0.02400433085858822
paper_RBS_16_train_176,GAACAGGAGAAAGTGG,0.24593102931976318
paper_RBS_16_train_177,GAACAGGAGAATCTCT,1.3056190013885498
paper_RBS_16_train_178,GAACAGGAGAGTTGTT,1.4982937574386597
paper_RBS_16_train_179,GAACAGGAGATTGGGG,0.3670346438884735
paper_RBS_16_train_180,GAACAGGAGGGGCTTG,1.110654354095459
paper_RBS_16_train_181,GAACAGGAGGTTGCTG,1.3122897148132324
paper_RBS_16_train_182,GAAGAGGAGATGTAGG,0.01053381897509098
paper_RBS_16_train_183,GAGAAGGAGAGGAAGC,0.006427647080272436
paper_RBS_16_train_184,GAGAAGGAGATAGAGG,0.004032445605844259
paper_RBS_16_train_185,GAGAAGGAGATGGGGT,0.005006461404263973
paper_RBS_16_train_186,GAGAAGGAGGGGAACC,0.7101708054542542
paper_RBS_16_train_187,GAGAAGGAGGGGTTAC,0.04140699654817581
paper_RBS_16_train_188,GAGAAGGAGGGTATAC,0.021589627489447594
paper_RBS_16_train_189,GAGAAGGAGGTAGGAG,0.003885720856487751
paper_RBS_16_train_190,GAGAAGGAGGTGGAAT,0.004890536889433861
paper_RBS_16_train_191,GAGAAGGAGGTTGGAG,0.01883745938539505
paper_RBS_16_train_192,GAGCAGGAGAAGTGGC,0.1759503334760666
paper_RBS_16_train_193,GAGCAGGAGAGTCCAG,1.5707330703735352
paper_RBS_16_train_194,GAGCAGGAGATACATG,0.10204033553600311
paper_RBS_16_train_195,GAGCAGGAGATGGAGG,0.13047556579113007
paper_RBS_16_train_196,GAGCAGGAGGATTGAT,0.2099202424287796
paper_RBS_16_train_197,GAGCAGGAGGGCCGGT,1.5510615110397339
paper_RBS_16_train_198,GAGCAGGAGGGGTGGG,0.13017579913139343
paper_RBS_16_train_199,GAGCAGGAGGGTCGTA,1.343534231185913
paper_RBS_16_train_200,GAGCAGGAGGGTTTTG,0.6389048099517822
paper_RBS_16_train_201,GAGCAGGAGGTAGGAA,0.11056588590145111
paper_RBS_16_train_202,GAGCAGGAGGTGGGAA,0.165416419506073
paper_RBS_16_train_203,GAGCAGGAGGTGTGCT,3.0455868244171143
paper_RBS_16_train_204,GAGCAGGAGGTGTGTG,0.7784650325775146
paper_RBS_16_train_205,GAGGAGGAGAGTGTCT,0.8719154000282288
paper_RBS_16_train_206,GAGGAGGAGATGTTAC,0.051614053547382355
paper_RBS_16_train_207,GGAAAGGAGAAGGTGA,0.0034027702640742064
paper_RBS_16_train_208,GGAAAGGAGAGAATTT,0.03666311129927635
paper_RBS_16_train_209,GGAAAGGAGATAGAGG,0.0028236114885658026
paper_RBS_16_train_210,GGAAAGGAGATTAATA,0.017237339168787003
paper_RBS_16_train_211,GGAAAGGAGATTTTCT,2.341031074523926
paper_RBS_16_train_212,GGAAAGGAGGAAGTGG,0.0036398922093212605
paper_RBS_16_train_213,GGAAAGGAGGATTCTG,0.8257707357406616
paper_RBS_16_train_214,GGAAAGGAGGCTAAGT,0.19862744212150574
paper_RBS_16_train_215,GGAAAGGAGGGTTGGG,0.01616748794913292
paper_RBS_16_train_216,GGAAAGGAGGTACGCA,0.13767662644386292
paper_RBS_16_train_217,GGAAAGGAGGTAGGGG,0.003041870892047882
paper_RBS_16_train_218,GGAAAGGAGGTGATCA,0.24028220772743225
paper_RBS_16_train_219,GGAAAGGAGGTGCGGA,0.06008477136492729
paper_RBS_16_train_220,GGAAAGGAGGTGGGTT,0.01234329305589199
paper_RBS_16_train_221,GGAAAGGAGGTTAAGA,0.013483037240803242
paper_RBS_16_train_222,GGAAAGGAGGTTTTAG,0.24561597406864166
paper_RBS_16_train_223,GGACAGGAGAAAAATC,0.050951793789863586
paper_RBS_16_train_224,GGACAGGAGACTGCTG,3.242305278778076
paper_RBS_16_train_225,GGACAGGAGAGCTGGG,2.3231000900268555
paper_RBS_16_train_226,GGACAGGAGAGGGAAT,0.029515959322452545
paper_RBS_16_train_227,GGACAGGAGAGGGTTG,0.36835283041000366
paper_RBS_16_train_228,GGACAGGAGAGGTTGG,0.5630809664726257
paper_RBS_16_train_229,GGACAGGAGAGTATTG,0.15208767354488373
paper_RBS_16_train_230,GGACAGGAGATTCATA,0.24492934346199036
paper_RBS_16_train_231,GGACAGGAGATTGGAG,0.3626805245876312
paper_RBS_16_train_232,GGACAGGAGATTTGTG,1.023864984512329
paper_RBS_16_train_233,GGACAGGAGGCAGTGG,0.3443450927734375
paper_RBS_16_train_234,GGACAGGAGGGAGGAG,0.036839455366134644
paper_RBS_16_train_235,GGACAGGAGGGGCTGT,3.219604253768921
paper_RBS_16_train_236,GGACAGGAGGGGGTTG,0.3759571313858032
paper_RBS_16_train_237,GGACAGGAGGGTAAGG,0.1086624264717102
paper_RBS_16_train_238,GGACAGGAGGGTCAAT,2.0364272594451904
paper_RBS_16_train_239,GGACAGGAGGGTTGGA,0.5727057456970215
paper_RBS_16_train_240,GGACAGGAGGTTGCTT,0.873306930065155
paper_RBS_16_train_241,GGACAGGAGGTTTAAC,0.5266275405883789
paper_RBS_16_train_242,GGACAGGAGGTTTTGA,0.5178465843200684
paper_RBS_16_train_243,GGAGAGGAGAATCTGT,1.5161628723144531
paper_RBS_16_train_244,GGAGAGGAGACGTTCA,1.755617380142212
paper_RBS_16_train_245,GGAGAGGAGAGCGTAT,0.0679798573255539
paper_RBS_16_train_246,GGAGAGGAGAGGGGTG,0.004541963338851929
paper_RBS_16_train_247,GGAGAGGAGAGTAAGG,0.004386676009744406
paper_RBS_16_train_248,GGAGAGGAGATAGTGA,0.007503957953304052
paper_RBS_16_train_249,GGAGAGGAGATTGATT,0.029087064787745476
paper_RBS_16_train_250,GGAGAGGAGGGGCGCG,0.1811998039484024
paper_RBS_16_train_251,GGAGAGGAGGTGGTGG,0.007464601192623377
paper_RBS_16_train_252,GGAGAGGAGGTGTTCT,1.427929162979126
paper_RBS_16_train_253,GGGAAGGAGAAATGTG,0.009733416140079498
paper_RBS_16_train_254,GGGAAGGAGAACCCGG,3.909494400024414
paper_RBS_16_train_255,GGGAAGGAGAAGGCTA,0.20378011465072632
paper_RBS_16_train_256,GGGAAGGAGAAGGGCG,0.047789815813302994
paper_RBS_16_train_257,GGGAAGGAGAAGGGGA,1.094805648556589e-15
paper_RBS_16_train_258,GGGAAGGAGAAGTAGG,0.004027701914310455
paper_RBS_16_train_259,GGGAAGGAGAAGTGTG,0.009939697571098804
paper_RBS_16_train_260,GGGAAGGAGACAGGGA,0.10366449505090714
paper_RBS_16_train_261,GGGAAGGAGACCCGTC,3.44512939453125
paper_RBS_16_train_262,GGGAAGGAGACGAGAG,0.11859693378210068
paper_RBS_16_train_263,GGGAAGGAGACGGGGG,0.12061456590890884
paper_RBS_16_train_264,GGGAAGGAGACGTATT,0.13529843091964722
paper_RBS_16_train_265,GGGAAGGAGACGTTAA,0.15952302515506744
paper_RBS_16_train_266,GGGAAGGAGACTAGTG,0.4057653248310089
paper_RBS_16_train_267,GGGAAGGAGACTTGCG,2.956312417984009
paper_RBS_16_train_268,GGGAAGGAGACTTGGG,0.8923436403274536
paper_RBS_16_train_269,GGGAAGGAGACTTTTG,2.2665417194366455
paper_RBS_16_train_270,GGGAAGGAGAGAAAAC,0.004531294573098421
paper_RBS_16_train_271,GGGAAGGAGAGCGCAG,0.3597170114517212
paper_RBS_16_train_272,GGGAAGGAGAGCGGGG,0.053124431520700455
paper_RBS_16_train_273,GGGAAGGAGAGCGGTT,0.0676380917429924
paper_RBS_16_train_274,GGGAAGGAGAGCTTCC,5.239528656005859
paper_RBS_16_train_275,GGGAAGGAGAGGGGTG,0.004409157205373049
paper_RBS_16_train_276,GGGAAGGAGAGGGTAA,0.003764415392652154
paper_RBS_16_train_277,GGGAAGGAGAGGTTGT,0.03335852175951004
paper_RBS_16_train_278,GGGAAGGAGAGTGAGA,0.0029339396860450506
paper_RBS_16_train_279,GGGAAGGAGAGTTGGA,0.0164055023342371
paper_RBS_16_train_280,GGGAAGGAGAGTTTTG,0.20198599994182587
paper_RBS_16_train_281,GGGAAGGAGATAACGG,0.06920121610164642
paper_RBS_16_train_282,GGGAAGGAGATAGCTA,0.22444652020931244
paper_RBS_16_train_283,GGGAAGGAGATCTTGT,0.9885470867156982
paper_RBS_16_train_284,GGGAAGGAGATGAGTG,0.006437092553824186
paper_RBS_16_train_285,GGGAAGGAGATGAGTT,0.012487822212278843
paper_RBS_16_train_286,GGGAAGGAGATGCGGG,0.0820697471499443
paper_RBS_16_train_287,GGGAAGGAGATGGTGA,0.007097663823515177
paper_RBS_16_train_288,GGGAAGGAGATGGTTT,0.0478445403277874
paper_RBS_16_train_289,GGGAAGGAGATGTACT,0.16157908737659454
paper_RBS_16_train_290,GGGAAGGAGATGTTGG,0.027009371668100357
paper_RBS_16_train_291,GGGAAGGAGATTAGTC,0.058670781552791595
paper_RBS_16_train_292,GGGAAGGAGATTCGGT,0.7823325395584106
paper_RBS_16_train_293,GGGAAGGAGATTGCTG,0.6950423717498779
paper_RBS_16_train_294,GGGAAGGAGATTGGTA,0.019799351692199707
paper_RBS_16_train_295,GGGAAGGAGATTGTTG,0.07081138342618942
paper_RBS_16_train_296,GGGAAGGAGATTTCTC,3.1759960651397705
paper_RBS_16_train_297,GGGAAGGAGATTTTTG,0.37792736291885376
paper_RBS_16_train_298,GGGAAGGAGGATGTGA,0.007822135463356972
paper_RBS_16_train_299,GGGAAGGAGGATTGAT,0.01806049421429634
paper_RBS_16_train_300,GGGAAGGAGGCACGGT,0.167207270860672
paper_RBS_16_train_301,GGGAAGGAGGGAAAGT,0.0014059317763894796
paper_RBS_16_train_302,GGGAAGGAGGGAGCGT,0.07105634361505508
paper_RBS_16_train_303,GGGAAGGAGGGAGGGG,1.094805648556589e-15
paper_RBS_16_train_304,GGGAAGGAGGGCAGGT,0.051230307668447495
paper_RBS_16_train_305,GGGAAGGAGGGGACTA,0.4185697138309479
paper_RBS_16_train_306,GGGAAGGAGGGGAGTG,0.004077252000570297
paper_RBS_16_train_307,GGGAAGGAGGGGGTTA,0.02414521761238575
paper_RBS_16_train_308,GGGAAGGAGGGGTACG,0.14488500356674194
paper_RBS_16_train_309,GGGAAGGAGGGGTCTG,0.7252063751220703
paper_RBS_16_train_310,GGGAAGGAGGGGTGGG,0.003372341161593795
paper_RBS_16_train_311,GGGAAGGAGGGTCAAG,0.11631519347429276
paper_RBS_16_train_312,GGGAAGGAGGGTGCGA,0.09321345388889313
paper_RBS_16_train_313,GGGAAGGAGGGTGGAA,0.0029339396860450506
paper_RBS_16_train_314,GGGAAGGAGGGTGGGT,0.004342436790466309
paper_RBS_16_train_315,GGGAAGGAGGGTTGTG,0.040320124477148056
paper_RBS_16_train_316,GGGAAGGAGGGTTTTA,0.26409369707107544
paper_RBS_16_train_317,GGGAAGGAGGGTTTTG,0.20165157318115234
paper_RBS_16_train_318,GGGAAGGAGGGTTTTT,0.30460140109062195
paper_RBS_16_train_319,GGGAAGGAGGTAAGGC,0.013870205730199814
paper_RBS_16_train_320,GGGAAGGAGGTCGGGT,0.2067098170518875
paper_RBS_16_train_321,GGGAAGGAGGTGAGTG,0.006654163356870413
paper_RBS_16_train_322,GGGAAGGAGGTGGATG,0.00680546136572957
paper_RBS_16_train_323,GGGAAGGAGGTGTGGG,0.008153806440532207
paper_RBS_16_train_324,GGGAAGGAGGTGTTTA,0.10370928794145584
paper_RBS_16_train_325,GGGAAGGAGGTTAGGG,0.016350356861948967
paper_RBS_16_train_326,GGGAAGGAGGTTGATG,0.019838247448205948
paper_RBS_16_train_327,GGGAAGGAGGTTGCGG,0.38596785068511963
paper_RBS_16_train_328,GGGAAGGAGGTTGGAG,0.015515932813286781
paper_RBS_16_train_329,GGGAAGGAGGTTGGGC,0.025978252291679382
paper_RBS_16_train_330,GGGAAGGAGGTTTAGT,0.07204888761043549
paper_RBS_16_train_331,GGGAAGGAGGTTTTTA,0.4517388641834259
paper_RBS_16_train_332,GGGCAGGAGAAACAGG,0.10698090493679047
paper_RBS_16_train_333,GGGCAGGAGAAACGTC,0.4968932271003723
paper_RBS_16_train_334,GGGCAGGAGAAAGGTG,0.05494801700115204
paper_RBS_16_train_335,GGGCAGGAGAAATCGA,0.3037814199924469
paper_RBS_16_train_336,GGGCAGGAGAACATCG,0.4811885356903076
paper_RBS_16_train_337,GGGCAGGAGAACGTTA,0.5715157985687256
paper_RBS_16_train_338,GGGCAGGAGAAGAGCT,0.8411727547645569
paper_RBS_16_train_339,GGGCAGGAGAAGGGGG,0.021423157304525375
paper_RBS_16_train_340,GGGCAGGAGAAGGGTT,0.07768048346042633
paper_RBS_16_train_341,GGGCAGGAGAATCGTG,0.7149549722671509
paper_RBS_16_train_342,GGGCAGGAGAATTAGG,0.01666375622153282
paper_RBS_16_train_343,GGGCAGGAGAATTCAT,0.200659841299057
paper_RBS_16_train_344,GGGCAGGAGACCGGTA,2.19128680229187
paper_RBS_16_train_345,GGGCAGGAGACCTTGT,3.270474672317505
paper_RBS_16_train_346,GGGCAGGAGACTTGTC,3.5715739727020264
paper_RBS_16_train_347,GGGCAGGAGAGAATGC,1.3201833963394165
paper_RBS_16_train_348,GGGCAGGAGAGAGATT,0.035242680460214615
paper_RBS_16_train_349,GGGCAGGAGAGAGCTG,1.9730756282806396
paper_RBS_16_train_350,GGGCAGGAGAGATAAG,0.019670821726322174
paper_RBS_16_train_351,GGGCAGGAGAGCGTGC,2.8032588958740234
paper_RBS_16_train_352,GGGCAGGAGAGCTTCT,2.3533363342285156
paper_RBS_16_train_353,GGGCAGGAGAGGGAGT,0.037663280963897705
paper_RBS_16_train_354,GGGCAGGAGAGGGATT,0.03889124095439911
paper_RBS_16_train_355,GGGCAGGAGAGGTAGG,0.09964127838611603
paper_RBS_16_train_356,GGGCAGGAGAGGTATA,0.10339143872261047
paper_RBS_16_train_357,GGGCAGGAGAGGTGAG,0.11737442016601562
paper_RBS_16_train_358,GGGCAGGAGAGTACAG,0.34705156087875366
paper_RBS_16_train_359,GGGCAGGAGAGTGGAG,0.24384836852550507
paper_RBS_16_train_360,GGGCAGGAGAGTGTGT,1.3752622604370117
paper_RBS_16_train_361,GGGCAGGAGAGTGTTT,1.5918155908584595
paper_RBS_16_train_362,GGGCAGGAGAGTTATT,0.36806145310401917
paper_RBS_16_train_363,GGGCAGGAGAGTTCGC,2.3389976024627686
paper_RBS_16_train_364,GGGCAGGAGAGTTGAC,0.43972161412239075
paper_RBS_16_train_365,GGGCAGGAGAGTTTGC,1.8769235610961914
paper_RBS_16_train_366,GGGCAGGAGAGTTTTA,0.371463805437088
paper_RBS_16_train_367,GGGCAGGAGATCGTAC,0.3019922971725464
paper_RBS_16_train_368,GGGCAGGAGATCTTTT,0.2641124427318573
paper_RBS_16_train_369,GGGCAGGAGATGCCGT,5.926217079162598
paper_RBS_16_train_370,GGGCAGGAGATGGGTT,0.18552672863006592
paper_RBS_16_train_371,GGGCAGGAGATGTTGA,1.2831566333770752
paper_RBS_16_train_372,GGGCAGGAGATGTTGC,2.0879409313201904
paper_RBS_16_train_373,GGGCAGGAGATGTTTC,1.4389739036560059
paper_RBS_16_train_374,GGGCAGGAGATTATGG,0.1667470782995224
paper_RBS_16_train_375,GGGCAGGAGATTGAGG,0.25229611992836
paper_RBS_16_train_376,GGGCAGGAGATTGCGT,3.424804925918579
paper_RBS_16_train_377,GGGCAGGAGATTGGGG,0.28760722279548645
paper_RBS_16_train_378,GGGCAGGAGATTTTGT,1.0730838775634766
paper_RBS_16_train_379,GGGCAGGAGATTTTTT,0.05508982017636299
paper_RBS_16_train_380,GGGCAGGAGGACTCGG,1.366615891456604
paper_RBS_16_train_381,GGGCAGGAGGACTTGG,1.7840532064437866
paper_RBS_16_train_382,GGGCAGGAGGATACAT,0.10911239683628082
paper_RBS_16_train_383,GGGCAGGAGGATCGAG,0.14169944822788239
paper_RBS_16_train_384,GGGCAGGAGGATTATC,0.06301196664571762
paper_RBS_16_train_385,GGGCAGGAGGATTTTG,0.153957799077034
paper_RBS_16_train_386,GGGCAGGAGGCAAGGT,0.8484311699867249
paper_RBS_16_train_387,GGGCAGGAGGCGAAGG,0.9947356581687927
paper_RBS_16_train_388,GGGCAGGAGGCGCTTG,2.88022518157959
paper_RBS_16_train_389,GGGCAGGAGGCGGTCG,2.205441474914551
paper_RBS_16_train_390,GGGCAGGAGGCTTTAC,1.9025014638900757
paper_RBS_16_train_391,GGGCAGGAGGGAAGTT,0.07019989937543869
paper_RBS_16_train_392,GGGCAGGAGGGACCGG,1.59972083568573
paper_RBS_16_train_393,GGGCAGGAGGGAGCGT,1.278565526008606
paper_RBS_16_train_394,GGGCAGGAGGGATACT,0.31025177240371704
paper_RBS_16_train_395,GGGCAGGAGGGATAGG,0.027041209861636162
paper_RBS_16_train_396,GGGCAGGAGGGATATG,0.0347309373319149
paper_RBS_16_train_397,GGGCAGGAGGGATGGC,0.37905946373939514
paper_RBS_16_train_398,GGGCAGGAGGGATGGG,0.09618498384952545
paper_RBS_16_train_399,GGGCAGGAGGGCACAT,1.4206067323684692
paper_RBS_16_train_400,GGGCAGGAGGGCGCGA,3.34626841545105
paper_RBS_16_train_401,GGGCAGGAGGGCTCAT,4.709510326385498
paper_RBS_16_train_402,GGGCAGGAGGGGAACG,0.2532036304473877
paper_RBS_16_train_403,GGGCAGGAGGGGAGAG,0.02669597417116165
paper_RBS_16_train_404,GGGCAGGAGGGGCTTG,2.0044333934783936
paper_RBS_16_train_405,GGGCAGGAGGGGTGAA,0.11926492303609848
paper_RBS_16_train_406,GGGCAGGAGGGGTTAG,0.19898352026939392
paper_RBS_16_train_407,GGGCAGGAGGGGTTCA,1.7058886289596558
paper_RBS_16_train_408,GGGCAGGAGGGGTTTT,0.21014787256717682
paper_RBS_16_train_409,GGGCAGGAGGGTCCGA,5.006300449371338
paper_RBS_16_train_410,GGGCAGGAGGGTCCTC,4.525331974029541
paper_RBS_16_train_411,GGGCAGGAGGGTGAGC,0.2908673584461212
paper_RBS_16_train_412,GGGCAGGAGGGTTAAA,0.3383420407772064
paper_RBS_16_train_413,GGGCAGGAGGGTTATG,0.3462354838848114
paper_RBS_16_train_414,GGGCAGGAGGGTTCGG,2.237804412841797
paper_RBS_16_train_415,GGGCAGGAGGTAAGGG,0.11572153121232986
paper_RBS_16_train_416,GGGCAGGAGGTAATAT,0.11759202182292938
paper_RBS_16_train_417,GGGCAGGAGGTACTTT,0.4306345582008362
paper_RBS_16_train_418,GGGCAGGAGGTAGGGG,0.12338211387395859
paper_RBS_16_train_419,GGGCAGGAGGTAGGGT,0.13147450983524323
paper_RBS_16_train_420,GGGCAGGAGGTAGTGA,0.27615249156951904
paper_RBS_16_train_421,GGGCAGGAGGTAGTTG,0.34078705310821533
paper_RBS_16_train_422,GGGCAGGAGGTATGGG,0.18064773082733154
paper_RBS_16_train_423,GGGCAGGAGGTATGTG,0.576500415802002
paper_RBS_16_train_424,GGGCAGGAGGTCCGGA,4.7069783210754395
paper_RBS_16_train_425,GGGCAGGAGGTCCTGT,5.916894912719727
paper_RBS_16_train_426,GGGCAGGAGGTCTTTT,1.690845012664795
paper_RBS_16_train_427,GGGCAGGAGGTGATGG,0.27813977003097534
paper_RBS_16_train_428,GGGCAGGAGGTGGGAC,0.18764853477478027
paper_RBS_16_train_429,GGGCAGGAGGTGGGTC,0.3776813745498657
paper_RBS_16_train_430,GGGCAGGAGGTGGTAA,0.4302530884742737
paper_RBS_16_train_431,GGGCAGGAGGTGGTGT,0.7184759378433228
paper_RBS_16_train_432,GGGCAGGAGGTGTCGA,3.1411209106445312
paper_RBS_16_train_433,GGGCAGGAGGTGTCGT,3.1437084674835205
paper_RBS_16_train_434,GGGCAGGAGGTGTTCG,3.73947811126709
paper_RBS_16_train_435,GGGCAGGAGGTGTTGT,1.4947463274002075
paper_RBS_16_train_436,GGGCAGGAGGTTAACG,0.33015239238739014
paper_RBS_16_train_437,GGGCAGGAGGTTAGCA,0.6564382314682007
paper_RBS_16_train_438,GGGCAGGAGGTTAGCG,0.7512017488479614
paper_RBS_16_train_439,GGGCAGGAGGTTCAGG,1.9481539726257324
paper_RBS_16_train_440,GGGCAGGAGGTTGGGA,0.43029069900512695
paper_RBS_16_train_441,GGGCAGGAGGTTGGGC,0.4769544303417206
paper_RBS_16_train_442,GGGCAGGAGGTTGTAG,1.5270925760269165
paper_RBS_16_train_443,GGGCAGGAGGTTTCAT,0.4261426329612732
paper_RBS_16_train_444,GGGCAGGAGGTTTGGT,0.527508020401001
paper_RBS_16_train_445,GGGCAGGAGGTTTGTT,1.3224698305130005
paper_RBS_16_train_446,GGGCAGGAGGTTTTTC,0.2976731061935425
paper_RBS_16_train_447,GGGCAGGAGGTTTTTG,0.3317034840583801
paper_RBS_16_train_448,GGGGAGGAGAACTTAG,1.1391571760177612
paper_RBS_16_train_449,GGGGAGGAGAATGAAC,0.008761660195887089
paper_RBS_16_train_450,GGGGAGGAGAATGCAT,0.16587960720062256
paper_RBS_16_train_451,GGGGAGGAGAATTAAG,0.0251358300447464
paper_RBS_16_train_452,GGGGAGGAGAATTGGT,0.018948709592223167
paper_RBS_16_train_453,GGGGAGGAGAGGGGTG,0.00451918737962842
paper_RBS_16_train_454,GGGGAGGAGAGTGGAC,0.009412520565092564
paper_RBS_16_train_455,GGGGAGGAGAGTGTTT,0.0686044692993164
paper_RBS_16_train_456,GGGGAGGAGATCTTCT,3.855090856552124
paper_RBS_16_train_457,GGGGAGGAGATGAGTA,0.007292548660188913
paper_RBS_16_train_458,GGGGAGGAGATGAGTG,0.006622412707656622
paper_RBS_16_train_459,GGGGAGGAGATGATGG,0.007772533688694239
paper_RBS_16_train_460,GGGGAGGAGATGGAGT,0.004185966216027737
paper_RBS_16_train_461,GGGGAGGAGATGTGTG,0.0243837907910347
paper_RBS_16_train_462,GGGGAGGAGATTTTAG,0.1554957777261734
paper_RBS_16_train_463,GGGGAGGAGGGGTGGC,0.016210278496146202
paper_RBS_16_train_464,AAAAAGGAGAAAAAAG,1.094805648556589e-15
paper_RBS_16_train_465,AAAAAGGAGAGGAATT,0.012582059018313885
paper_RBS_16_train_466,AAGAAGGAGAATTACT,0.15697737038135529
paper_RBS_16_train_467,AAGAAGGAGAGATTGT,0.033310022205114365
paper_RBS_16_train_468,AAGCAGGAGATAATCA,0.22197599709033966
paper_RBS_16_train_469,AAGCAGGAGGATTTAG,0.03128914535045624
paper_RBS_16_train_470,AGAAAGGAGGTGAGAT,0.003652542596682906
paper_RBS_16_train_471,AGACAGGAGAAATAGG,0.011275939643383026
paper_RBS_16_train_472,AGACAGGAGATGACGG,0.14214693009853363
paper_RBS_16_train_473,AGACAGGAGGTAGTGG,0.3020354211330414
paper_RBS_16_train_474,AGAGAGGAGACTCGGG,2.8929083347320557
paper_RBS_16_train_475,AGAGAGGAGGGATGGT,0.005086367018520832
paper_RBS_16_train_476,AGAGAGGAGGGGCGGT,0.04978744313120842
paper_RBS_16_train_477,AGGAAGGAGATACGTG,0.08804240077733994
paper_RBS_16_train_478,AGGAAGGAGGCAGGGG,0.06377293169498444
paper_RBS_16_train_479,AGGAAGGAGGTGGAGA,0.003203401807695627
paper_RBS_16_train_480,AGGCAGGAGACTTGTT,2.69008731842041
paper_RBS_16_train_481,AGGCAGGAGAGGTGGT,0.17050157487392426
paper_RBS_16_train_482,AGGCAGGAGAGTGTCG,3.2478978633880615
paper_RBS_16_train_483,AGGCAGGAGAGTTAGG,0.32978111505508423
paper_RBS_16_train_484,AGGCAGGAGATATATG,0.022786153480410576
paper_RBS_16_train_485,AGGCAGGAGATGAGCG,0.6006726622581482
paper_RBS_16_train_486,AGGCAGGAGATGGATT,0.13944196701049805
paper_RBS_16_train_487,AGGCAGGAGATTTTTT,0.05544842407107353
paper_RBS_16_train_488,AGGCAGGAGGAAGGTG,0.05521382763981819
paper_RBS_16_train_489,AGGCAGGAGGATGTTT,1.6961053609848022
paper_RBS_16_train_490,AGGCAGGAGGGGTTTC,0.2517055869102478
paper_RBS_16_train_491,AGGCAGGAGGGGTTTG,0.295122355222702
paper_RBS_16_train_492,AGGCAGGAGGGTGTGG,0.9859164953231812
paper_RBS_16_train_493,AGGCAGGAGGTAGTTT,0.39750659465789795
paper_RBS_16_train_494,AGGCAGGAGGTGTGTC,1.9224352836608887
paper_RBS_16_train_495,AGGCAGGAGGTTAAGG,0.22844965755939484
paper_RBS_16_train_496,AGGCAGGAGGTTTGGA,0.4583309590816498
paper_RBS_16_train_497,AGGGAGGAGATTGGTG,0.018383946269750595
paper_RBS_16_train_498,AGGGAGGAGGGTTGAA,0.01714649423956871
paper_RBS_16_train_499,GAAAAGGAGGGTTGAA,0.016298964619636536
paper_RBS_16_train_500,GAAAAGGAGGTGGTGG,0.006843997165560722
paper_RBS_16_train_501,GAAAAGGAGGTGTGCG,0.09939391165971756
paper_RBS_16_train_502,GAACAGGAGAACGTAC,0.1564589887857437
paper_RBS_16_train_503,GAACAGGAGGAGGGTC,0.08670106530189514
paper_RBS_16_train_504,GAAGAGGAGAAATCGG,0.3675515949726105
paper_RBS_16_train_505,GAAGAGGAGAGATGTG,0.011983167380094528
paper_RBS_16_train_506,GAGAAGGAGACGAGCG,0.0965442955493927
paper_RBS_16_train_507,GAGAAGGAGAGCAATA,0.04348720610141754
paper_RBS_16_train_508,GAGAAGGAGAGGGATT,0.01301135029643774
paper_RBS_16_train_509,GAGAAGGAGATGCGGA,0.04860460013151169
paper_RBS_16_train_510,GAGAAGGAGATTGGAG,0.01998482644557953
paper_RBS_16_train_511,GAGAAGGAGATTTGTA,0.10583079606294632
paper_RBS_16_train_512,GAGAAGGAGGGTTGTG,0.051288384944200516
paper_RBS_16_train_513,GAGCAGGAGAAGGTTA,0.34994783997535706
paper_RBS_16_train_514,GAGCAGGAGAGGGACT,0.169645756483078
paper_RBS_16_train_515,GAGCAGGAGAGTCTCT,1.872070550918579
paper_RBS_16_train_516,GAGCAGGAGGAGTATC,0.1178722232580185
paper_RBS_16_train_517,GAGCAGGAGGGACAGT,0.16257698833942413
paper_RBS_16_train_518,GAGCAGGAGGGCGAAG,0.9669535756111145
paper_RBS_16_train_519,GAGCAGGAGGGGTGTG,0.38586822152137756
paper_RBS_16_train_520,GAGCAGGAGGGTAGGG,0.14480897784233093
paper_RBS_16_train_521,GAGCAGGAGGGTATGT,0.6016124486923218
paper_RBS_16_train_522,GAGCAGGAGGTATACG,0.18356391787528992
paper_RBS_16_train_523,GAGCAGGAGGTCCGTC,1.3852674961090088
paper_RBS_16_train_524,GAGCAGGAGGTGTGAT,0.5640377402305603
paper_RBS_16_train_525,GAGGAGGAGATAAGGG,0.004320728592574596
paper_RBS_16_train_526,GGAAAGGAGAAAATAG,0.0034609888680279255
paper_RBS_16_train_527,GGAAAGGAGAATGGCT,0.1187877506017685
paper_RBS_16_train_528,GGAAAGGAGAGGGGAA,1.094805648556589e-15
paper_RBS_16_train_529,GGAAAGGAGAGGTGGT,0.004686235450208187
paper_RBS_16_train_530,GGAAAGGAGATAGGTT,0.011986583471298218
paper_RBS_16_train_531,GGAAAGGAGGAATGGG,0.003357171779498458
paper_RBS_16_train_532,GGAAAGGAGGATTATT,0.02880430966615677
paper_RBS_16_train_533,GGAAAGGAGGGGCAGG,0.051693473011255264
paper_RBS_16_train_534,GGAAAGGAGGGTTGGT,0.01774120144546032
paper_RBS_16_train_535,GGAAAGGAGGGTTTGT,0.09002550691366196
paper_RBS_16_train_536,GGAAAGGAGGTTTGGA,0.06012880057096481
paper_RBS_16_train_537,GGACAGGAGATACATG,0.12002154439687729
paper_RBS_16_train_538,GGACAGGAGGATTTGA,0.19278205931186676
paper_RBS_16_train_539,GGACAGGAGGGACTGG,2.9127674102783203
paper_RBS_16_train_540,GGACAGGAGGGAGGTG,0.0668298676609993
paper_RBS_16_train_541,GGACAGGAGGTCTCGG,2.3789429664611816
paper_RBS_16_train_542,GGACAGGAGGTTCGTA,2.4289419651031494
paper_RBS_16_train_543,GGACAGGAGGTTTTGG,0.6663103699684143
paper_RBS_16_train_544,GGAGAGGAGAAAGTGC,0.012893935665488243
paper_RBS_16_train_545,GGAGAGGAGAAAGTGG,0.0037959206383675337
paper_RBS_16_train_546,GGAGAGGAGAACTGGT,0.3065173625946045
paper_RBS_16_train_547,GGAGAGGAGAAGTTTG,0.06705021858215332
paper_RBS_16_train_548,GGAGAGGAGACGGATG,0.0741032063961029
paper_RBS_16_train_549,GGAGAGGAGAGCGCTA,0.3940548300743103
paper_RBS_16_train_550,GGAGAGGAGAGGGGGG,1.094805648556589e-15
paper_RBS_16_train_551,GGAGAGGAGAGGTCGG,0.3680071234703064
paper_RBS_16_train_552,GGAGAGGAGAGGTGAC,0.014113949611783028
paper_RBS_16_train_553,GGAGAGGAGATGATAG,0.007944322191178799
paper_RBS_16_train_554,GGAGAGGAGATGGAAG,0.003092560451477766
paper_RBS_16_train_555,GGAGAGGAGATTGGGG,0.014312240295112133
paper_RBS_16_train_556,GGAGAGGAGGGGTCTG,0.9699313044548035
paper_RBS_16_train_557,GGGAAGGAGAAAGACG,0.06768599152565002
paper_RBS_16_train_558,GGGAAGGAGAAGCAAT,0.058215800672769547
paper_RBS_16_train_559,GGGAAGGAGAAGGAAG,1.094805648556589e-15
paper_RBS_16_train_560,GGGAAGGAGAATTAGT,0.017561612650752068
paper_RBS_16_train_561,GGGAAGGAGACAGGGG,0.1055564433336258
paper_RBS_16_train_562,GGGAAGGAGAGAGGCA,0.05132162943482399
paper_RBS_16_train_563,GGGAAGGAGAGAGTCT,0.47412797808647156
paper_RBS_16_train_564,GGGAAGGAGAGGAGTT,0.01192767545580864
paper_RBS_16_train_565,GGGAAGGAGAGGGGTA,0.0048271967098116875
paper_RBS_16_train_566,GGGAAGGAGAGGGTTG,0.01911233551800251
paper_RBS_16_train_567,GGGAAGGAGAGGTCGT,0.4271429777145386
paper_RBS_16_train_568,GGGAAGGAGAGGTTAT,0.02500813640654087
paper_RBS_16_train_569,GGGAAGGAGAGTCATG,0.12396600097417831
paper_RBS_16_train_570,GGGAAGGAGAGTGGGT,0.00403186772018671
paper_RBS_16_train_571,GGGAAGGAGAGTTGTG,0.040633078664541245
paper_RBS_16_train_572,GGGAAGGAGATACTAG,0.3750901222229004
paper_RBS_16_train_573,GGGAAGGAGATATGTA,0.016325507313013077
paper_RBS_16_train_574,GGGAAGGAGATTCGAG,0.7809529304504395
paper_RBS_16_train_575,GGGAAGGAGATTTGGA,0.057924896478652954
paper_RBS_16_train_576,GGGAAGGAGATTTGGG,0.05794259533286095
paper_RBS_16_train_577,GGGAAGGAGATTTGTG,0.14481402933597565
paper_RBS_16_train_578,GGGAAGGAGGAAGGGG,1.094805648556589e-15
paper_RBS_16_train_579,GGGAAGGAGGAAGTTC,0.2099924385547638
paper_RBS_16_train_580,GGGAAGGAGGAATTGA,0.019705502316355705
paper_RBS_16_train_581,GGGAAGGAGGATAAGA,0.0031522251665592194
paper_RBS_16_train_582,GGGAAGGAGGATGAGC,0.010851502418518066
paper_RBS_16_train_583,GGGAAGGAGGATTTTC,0.7768552899360657
paper_RBS_16_train_584,GGGAAGGAGGGCGTGC,0.10046149790287018
paper_RBS_16_train_585,GGGAAGGAGGGGAAGT,0.001662260852754116
paper_RBS_16_train_586,GGGAAGGAGGGGTAAT,0.005620747338980436
paper_RBS_16_train_587,GGGAAGGAGGGGTATT,0.015726478770375252
paper_RBS_16_train_588,GGGAAGGAGGGGTTCG,0.7518562078475952
paper_RBS_16_train_589,GGGAAGGAGGGGTTTT,0.1394474059343338
paper_RBS_16_train_590,GGGAAGGAGGGTCTAG,0.49251002073287964
paper_RBS_16_train_591,GGGAAGGAGGGTGACT,0.32385820150375366
paper_RBS_16_train_592,GGGAAGGAGGGTGTCA,0.26101815700531006
paper_RBS_16_train_593,GGGAAGGAGGGTTGAC,0.03906683251261711
paper_RBS_16_train_594,GGGAAGGAGGGTTGAG,0.0164055023342371
paper_RBS_16_train_595,GGGAAGGAGGTCTGGG,0.4613252878189087
paper_RBS_16_train_596,GGGAAGGAGGTGATGG,0.007326272316277027
paper_RBS_16_train_597,GGGAAGGAGGTGCTGG,0.3344975411891937
paper_RBS_16_train_598,GGGAAGGAGGTGGGGA,0.0035083633847534657
paper_RBS_16_train_599,GGGAAGGAGGTGTTGG,0.02709532342851162
paper_RBS_16_train_600,GGGAAGGAGGTGTTTG,0.08149391412734985
paper_RBS_16_train_601,GGGAAGGAGGTTAGTG,0.020144876092672348
paper_RBS_16_train_602,GGGAAGGAGGTTCGAT,0.734804093837738
paper_RBS_16_train_603,GGGCAGGAGAAAGCTG,1.9718947410583496
paper_RBS_16_train_604,GGGCAGGAGAAGAATT,0.01937171258032322
paper_RBS_16_train_605,GGGCAGGAGAAGGACG,0.11935190856456757
paper_RBS_16_train_606,GGGCAGGAGAAGTAGT,0.08393757045269012
paper_RBS_16_train_607,GGGCAGGAGAAGTGTA,0.6805739998817444
paper_RBS_16_train_608,GGGCAGGAGAATGAGT,0.17412950098514557
paper_RBS_16_train_609,GGGCAGGAGACACGGG,0.2475856989622116
paper_RBS_16_train_610,GGGCAGGAGACAGCAT,1.341198444366455
paper_RBS_16_train_611,GGGCAGGAGACGTGTC,2.4783079624176025
paper_RBS_16_train_612,GGGCAGGAGACTGGCT,5.235321998596191
paper_RBS_16_train_613,GGGCAGGAGACTTCTA,1.2805801630020142
paper_RBS_16_train_614,GGGCAGGAGAGATTTA,0.05819544941186905
paper_RBS_16_train_615,GGGCAGGAGAGGATTG,0.05263989418745041
paper_RBS_16_train_616,GGGCAGGAGAGGGTTC,0.7698419094085693
paper_RBS_16_train_617,GGGCAGGAGAGGTGTG,0.5409063696861267
paper_RBS_16_train_618,GGGCAGGAGAGGTTGG,0.4622284770011902
paper_RBS_16_train_619,GGGCAGGAGAGTAAGT,0.17076915502548218
paper_RBS_16_train_620,GGGCAGGAGAGTCGAG,1.7548469305038452
paper_RBS_16_train_621,GGGCAGGAGAGTCGTT,1.7650580406188965
paper_RBS_16_train_622,GGGCAGGAGAGTGGGG,0.24540819227695465
paper_RBS_16_train_623,GGGCAGGAGAGTGGGT,0.2543615698814392
paper_RBS_16_train_624,GGGCAGGAGAGTGTAG,1.1417704820632935
paper_RBS_16_train_625,GGGCAGGAGAGTGTGG,0.9950670599937439
paper_RBS_16_train_626,GGGCAGGAGAGTTTTG,0.4375567138195038
paper_RBS_16_train_627,GGGCAGGAGATATGGA,0.08690343797206879
paper_RBS_16_train_628,GGGCAGGAGATATTTT,0.06876082718372345
paper_RBS_16_train_629,GGGCAGGAGATCATAT,0.144129678606987
paper_RBS_16_train_630,GGGCAGGAGATCGGTG,0.2392423152923584
paper_RBS_16_train_631,GGGCAGGAGATGAATA,0.12153442203998566
paper_RBS_16_train_632,GGGCAGGAGATGACGG,0.3015342354774475
paper_RBS_16_train_633,GGGCAGGAGATGAGTG,0.1372120976448059
paper_RBS_16_train_634,GGGCAGGAGATGGGAT,0.13144516944885254
paper_RBS_16_train_635,GGGCAGGAGATGGGGT,0.1402290165424347
paper_RBS_16_train_636,GGGCAGGAGATGTAGG,0.9099432229995728
paper_RBS_16_train_637,GGGCAGGAGATGTGGC,0.8930068016052246
paper_RBS_16_train_638,GGGCAGGAGATGTGGG,0.7367735505104065
paper_RBS_16_train_639,GGGCAGGAGATTAAAC,0.018493909388780594
paper_RBS_16_train_640,GGGCAGGAGATTACGG,0.07782348245382309
paper_RBS_16_train_641,GGGCAGGAGATTCAAT,0.14322732388973236
paper_RBS_16_train_642,GGGCAGGAGATTCGCA,0.8861536979675293
paper_RBS_16_train_643,GGGCAGGAGATTGGTG,0.585292637348175
paper_RBS_16_train_644,GGGCAGGAGATTTATT,0.027204981073737144
paper_RBS_16_train_645,GGGCAGGAGATTTCTC,0.925250768661499
paper_RBS_16_train_646,GGGCAGGAGATTTGGG,0.19378314912319183
paper_RBS_16_train_647,GGGCAGGAGATTTGGT,0.32227370142936707
paper_RBS_16_train_648,GGGCAGGAGGACGCGG,1.3660337924957275
paper_RBS_16_train_649,GGGCAGGAGGACTCCC,4.147289752960205
paper_RBS_16_train_650,GGGCAGGAGGAGTCAG,1.0906329154968262
paper_RBS_16_train_651,GGGCAGGAGGATAGTG,0.049662183970212936
paper_RBS_16_train_652,GGGCAGGAGGATTTGT,0.8498887419700623
paper_RBS_16_train_653,GGGCAGGAGGGAATTG,0.055534590035676956
paper_RBS_16_train_654,GGGCAGGAGGGAGCAA,0.97416090965271
paper_RBS_16_train_655,GGGCAGGAGGGATGTG,0.5288031101226807
paper_RBS_16_train_656,GGGCAGGAGGGCGGGA,1.1801005601882935
paper_RBS_16_train_657,GGGCAGGAGGGGAGTC,0.20137445628643036
paper_RBS_16_train_658,GGGCAGGAGGGGATTT,0.05090711638331413
paper_RBS_16_train_659,GGGCAGGAGGGGTATT,0.10847915709018707
paper_RBS_16_train_660,GGGCAGGAGGGGTGGC,0.37691953778266907
paper_RBS_16_train_661,GGGCAGGAGGGGTTGG,0.4612264335155487
paper_RBS_16_train_662,GGGCAGGAGGGTAGGC,0.21345677971839905
paper_RBS_16_train_663,GGGCAGGAGGGTATGG,0.2838650941848755
paper_RBS_16_train_664,GGGCAGGAGGGTCGGG,1.7303403615951538
paper_RBS_16_train_665,GGGCAGGAGGGTGGAC,0.3061078190803528
paper_RBS_16_train_666,GGGCAGGAGGGTGGTG,0.4328595697879791
paper_RBS_16_train_667,GGGCAGGAGGGTGTGA,0.9791451096534729
paper_RBS_16_train_668,GGGCAGGAGGGTTCAA,2.2364578247070312
paper_RBS_16_train_669,GGGCAGGAGGGTTCTG,2.119694471359253
paper_RBS_16_train_670,GGGCAGGAGGGTTGCG,3.167961597442627
paper_RBS_16_train_671,GGGCAGGAGGGTTGGT,0.5577433705329895
paper_RBS_16_train_672,GGGCAGGAGGGTTGTG,1.172605037689209
paper_RBS_16_train_673,GGGCAGGAGGGTTGTT,1.504410982131958
paper_RBS_16_train_674,GGGCAGGAGGGTTTCG,0.5958135724067688
paper_RBS_16_train_675,GGGCAGGAGGGTTTGA,0.6087169051170349
paper_RBS_16_train_676,GGGCAGGAGGGTTTGC,1.8729138374328613
paper_RBS_16_train_677,GGGCAGGAGGGTTTGT,1.109610676765442
paper_RBS_16_train_678,GGGCAGGAGGTAAGCC,1.9035905599594116
paper_RBS_16_train_679,GGGCAGGAGGTAGATA,0.1231834813952446
paper_RBS_16_train_680,GGGCAGGAGGTAGCGA,1.166865587234497
paper_RBS_16_train_681,GGGCAGGAGGTAGGAT,0.12278123944997787
paper_RBS_16_train_682,GGGCAGGAGGTAGTGC,1.3305596113204956
paper_RBS_16_train_683,GGGCAGGAGGTAGTGG,0.290103554725647
paper_RBS_16_train_684,GGGCAGGAGGTAGTTA,0.3993692100048065
paper_RBS_16_train_685,GGGCAGGAGGTCGACG,1.5490449666976929
paper_RBS_16_train_686,GGGCAGGAGGTCGGGT,1.5358965396881104
paper_RBS_16_train_687,GGGCAGGAGGTCGTTT,1.5695220232009888
paper_RBS_16_train_688,GGGCAGGAGGTGAAGT,0.1605224758386612
paper_RBS_16_train_689,GGGCAGGAGGTGAGAG,0.15337754786014557
paper_RBS_16_train_690,GGGCAGGAGGTGAGGT,0.16287940740585327
paper_RBS_16_train_691,GGGCAGGAGGTGGGGT,0.18115034699440002
paper_RBS_16_train_692,GGGCAGGAGGTGTAGG,0.8904705047607422
paper_RBS_16_train_693,GGGCAGGAGGTGTCAC,2.973698854446411
paper_RBS_16_train_694,GGGCAGGAGGTGTTAA,1.355605959892273
paper_RBS_16_train_695,GGGCAGGAGGTGTTTT,1.3487101793289185
paper_RBS_16_train_696,GGGCAGGAGGTTAGGT,0.2557809352874756
paper_RBS_16_train_697,GGGCAGGAGGTTATAG,0.24792015552520752
paper_RBS_16_train_698,GGGCAGGAGGTTATCG,0.4613059163093567
paper_RBS_16_train_699,GGGCAGGAGGTTGCGG,3.3337295055389404
paper_RBS_16_train_700,GGGCAGGAGGTTGCTG,4.193577766418457
paper_RBS_16_train_701,GGGGAGGAGAAAAAAA,1.094805648556589e-15
paper_RBS_16_train_702,GGGGAGGAGAAAGGGG,1.094805648556589e-15
paper_RBS_16_train_703,GGGGAGGAGAAGGGTA,0.0042344327084720135
paper_RBS_16_train_704,GGGGAGGAGAATAGGC,0.008391768671572208
paper_RBS_16_train_705,GGGGAGGAGAATGTGG,0.013335767202079296
paper_RBS_16_train_706,GGGGAGGAGAGCGGAT,0.08544117212295532
paper_RBS_16_train_707,GGGGAGGAGATAAGGT,0.005130676552653313
paper_RBS_16_train_708,GGGGAGGAGATGTGTC,0.0950624942779541
paper_RBS_16_train_709,GGGGAGGAGATTAAGT,0.019964158535003662
paper_RBS_16_train_710,GGGGAGGAGATTTTGT,0.16154828667640686
paper_RBS_16_train_711,AAGAAGGAGACATAGG,0.05580766126513481
paper_RBS_16_train_712,AAGCAGGAGAATATAG,0.013050842098891735
paper_RBS_16_train_713,AAGCAGGAGAGTTGTG,1.0223302841186523
paper_RBS_16_train_714,AAGCAGGAGATCCGGC,2.382068395614624
paper_RBS_16_train_715,AAGCAGGAGGATAGGA,0.01979314349591732
paper_RBS_16_train_716,AAGCAGGAGGGTTTAG,0.663188636302948
paper_RBS_16_train_717,AGAAAGGAGAAATGTG,0.009014732204377651
paper_RBS_16_train_718,AGACAGGAGATTATGC,0.1286640763282776
paper_RBS_16_train_719,AGACAGGAGGACTTGG,1.9613503217697144
paper_RBS_16_train_720,AGACAGGAGGATGAGG,0.13711218535900116
paper_RBS_16_train_721,AGACAGGAGGCTCAGT,0.29975929856300354
paper_RBS_16_train_722,AGACAGGAGGGTTGGT,0.5088086128234863
paper_RBS_16_train_723,AGAGAGGAGGATAGTG,0.008684917353093624
paper_RBS_16_train_724,AGGAAGGAGAAAGGGG,1.094805648556589e-15
paper_RBS_16_train_725,AGGAAGGAGACATCAG,0.4819788932800293
paper_RBS_16_train_726,AGGAAGGAGAGTAACA,0.07457374781370163
paper_RBS_16_train_727,AGGAAGGAGGGTGAGG,0.0028630837332457304
paper_RBS_16_train_728,AGGAAGGAGGTGGGGT,0.003788356902077794
paper_RBS_16_train_729,AGGAAGGAGGTGGTAT,0.00877167098224163
paper_RBS_16_train_730,AGGCAGGAGAAATTTA,0.04803167283535004
paper_RBS_16_train_731,AGGCAGGAGAAGATTG,0.043099239468574524
paper_RBS_16_train_732,AGGCAGGAGACGGGGG,0.14165467023849487
paper_RBS_16_train_733,AGGCAGGAGATGGGGT,0.1398228108882904
paper_RBS_16_train_734,AGGCAGGAGATGGGTT,0.1844344437122345
paper_RBS_16_train_735,AGGCAGGAGATGTAAG,0.9091919660568237
paper_RBS_16_train_736,AGGCAGGAGATTGGTC,0.6964575052261353
paper_RBS_16_train_737,AGGCAGGAGGAACTGT,3.774937629699707
paper_RBS_16_train_738,AGGCAGGAGGAATGGT,0.14680415391921997
paper_RBS_16_train_739,AGGCAGGAGGATAGTG,0.04988089203834534
paper_RBS_16_train_740,AGGCAGGAGGGGCGGT,0.829561710357666
paper_RBS_16_train_741,AGGCAGGAGGGGTTTA,0.27988049387931824
paper_RBS_16_train_742,AGGCAGGAGGGTTCGA,0.3732922375202179
paper_RBS_16_train_743,AGGGAGGAGAATTTGG,0.056993138045072556
paper_RBS_16_train_744,AGGGAGGAGATGTGGG,0.009964091703295708
paper_RBS_16_train_745,GAAAAGGAGATCGGGA,0.11809588968753815
paper_RBS_16_train_746,GAACAGGAGAGTTTGG,1.061951756477356
paper_RBS_16_train_747,GAACAGGAGGGTAATT,0.10486939549446106
paper_RBS_16_train_748,GAGAAGGAGGGGTTTG,0.06919417530298233
paper_RBS_16_train_749,GAGAAGGAGGGTATAA,0.0077559687197208405
paper_RBS_16_train_750,GAGAAGGAGGGTGTGG,0.008433368988335133
paper_RBS_16_train_751,GAGAAGGAGGTGGTCG,0.32439711689949036
paper_RBS_16_train_752,GAGAAGGAGGTGTTTG,0.08356339484453201
paper_RBS_16_train_753,GAGCAGGAGAAAAATG,0.015744758769869804
paper_RBS_16_train_754,GAGCAGGAGAAACGTC,0.17427974939346313
paper_RBS_16_train_755,GAGCAGGAGAGCGGGA,1.0623661279678345
paper_RBS_16_train_756,GAGCAGGAGATAGGGG,0.023265734314918518
paper_RBS_16_train_757,GAGCAGGAGATCAGGA,0.42695996165275574
paper_RBS_16_train_758,GAGCAGGAGATCTACG,0.37940719723701477
paper_RBS_16_train_759,GAGCAGGAGATGTTTT,1.8879210948944092
paper_RBS_16_train_760,GAGCAGGAGATTCATC,0.3460570275783539
paper_RBS_16_train_761,GAGCAGGAGGAATGTA,0.6330990791320801
paper_RBS_16_train_762,GAGCAGGAGGGTTAGT,0.404325932264328
paper_RBS_16_train_763,GAGCAGGAGGTCTTTT,1.130886435508728
paper_RBS_16_train_764,GAGCAGGAGGTTATGT,0.6878650188446045
paper_RBS_16_train_765,GAGGAGGAGAGAACTA,0.2756848633289337
paper_RBS_16_train_766,GAGGAGGAGAGTGGTT,0.016534458845853806
paper_RBS_16_train_767,GAGGAGGAGATTTCGA,1.0080140829086304
paper_RBS_16_train_768,GGAAAGGAGACACCTC,1.3945907354354858
paper_RBS_16_train_769,GGAAAGGAGAGGTAGG,0.003790508257225156
paper_RBS_16_train_770,GGAAAGGAGAGTGTGT,0.010622644796967506
paper_RBS_16_train_771,GGAAAGGAGAGTTAAC,0.02304038591682911
paper_RBS_16_train_772,GGAAAGGAGATGGGCG,0.04860340803861618
paper_RBS_16_train_773,GGAAAGGAGGGTCGTG,0.20338495075702667
paper_RBS_16_train_774,GGACAGGAGAAATACT,0.14382807910442352
paper_RBS_16_train_775,GGACAGGAGAATTGTC,2.713879346847534
paper_RBS_16_train_776,GGACAGGAGACTCCCG,2.048391580581665
paper_RBS_16_train_777,GGACAGGAGAGCATGG,0.3115910589694977
paper_RBS_16_train_778,GGACAGGAGAGTTATT,0.5723075866699219
paper_RBS_16_train_779,GGACAGGAGAGTTGGG,0.6018853783607483
paper_RBS_16_train_780,GGACAGGAGATAAGGT,0.016818126663565636
paper_RBS_16_train_781,GGACAGGAGATGGGTC,0.4441375732421875
paper_RBS_16_train_782,GGACAGGAGGATGTGG,1.0521506071090698
paper_RBS_16_train_783,GGACAGGAGGGTGGAA,0.2946452796459198
paper_RBS_16_train_784,GGACAGGAGGTTTATT,0.5255354046821594
paper_RBS_16_train_785,GGACAGGAGGTTTGTT,1.5765681266784668
paper_RBS_16_train_786,GGAGAGGAGACAGGGG,0.07377267628908157
paper_RBS_16_train_787,GGAGAGGAGAGTTGTA,0.03907778114080429
paper_RBS_16_train_788,GGAGAGGAGATGATCG,0.5410772562026978
paper_RBS_16_train_789,GGAGAGGAGATGGTAT,0.008089827373623848
paper_RBS_16_train_790,GGAGAGGAGGGTTATA,0.036080095916986465
paper_RBS_16_train_791,GGAGAGGAGGTGTATT,0.023151814937591553
paper_RBS_16_train_792,GGAGAGGAGGTTCTTT,2.6881237030029297
paper_RBS_16_train_793,GGGAAGGAGAAAGTGG,0.00347471097484231
paper_RBS_16_train_794,GGGAAGGAGAAGGGTT,0.009798699989914894
paper_RBS_16_train_795,GGGAAGGAGAATATTT,0.048330340534448624
paper_RBS_16_train_796,GGGAAGGAGAATTTGT,0.1139320358633995
paper_RBS_16_train_797,GGGAAGGAGACGGTGG,0.12599845230579376
paper_RBS_16_train_798,GGGAAGGAGACGTCTG,1.150870442390442
paper_RBS_16_train_799,GGGAAGGAGACTATGG,0.40628379583358765
paper_RBS_16_train_800,GGGAAGGAGACTGGTT,0.4320191740989685
paper_RBS_16_train_801,GGGAAGGAGAGCGTGT,0.08326911926269531
paper_RBS_16_train_802,GGGAAGGAGAGGGATT,0.01279417984187603
paper_RBS_16_train_803,GGGAAGGAGAGGGGGA,1.094805648556589e-15
paper_RBS_16_train_804,GGGAAGGAGAGTAGTT,0.015582260675728321
paper_RBS_16_train_805,GGGAAGGAGAGTGGAG,0.0029339396860450506
paper_RBS_16_train_806,GGGAAGGAGAGTGTGT,0.011111621744930744
paper_RBS_16_train_807,GGGAAGGAGAGTTGGG,0.0164055023342371
paper_RBS_16_train_808,GGGAAGGAGATAGCCT,1.5426990985870361
paper_RBS_16_train_809,GGGAAGGAGATCTCAC,2.6953184604644775
paper_RBS_16_train_810,GGGAAGGAGATGGTTC,0.20467422902584076
paper_RBS_16_train_811,GGGAAGGAGATTAAAG,0.016127048060297966
paper_RBS_16_train_812,GGGAAGGAGATTTTAG,0.23294398188591003
paper_RBS_16_train_813,GGGAAGGAGGAAGTTT,0.04760769009590149
paper_RBS_16_train_814,GGGAAGGAGGCGTGGG,0.08981853723526001
paper_RBS_16_train_815,GGGAAGGAGGGACTTA,0.9795275926589966
paper_RBS_16_train_816,GGGAAGGAGGGATATC,0.053975947201251984
paper_RBS_16_train_817,GGGAAGGAGGGGCATT,0.07306758314371109
paper_RBS_16_train_818,GGGAAGGAGGGTATGG,0.007455981802195311
paper_RBS_16_train_819,GGGAAGGAGGGTATTT,0.05379682406783104
paper_RBS_16_train_820,GGGAAGGAGGGTGAAG,0.0029339396860450506
paper_RBS_16_train_821,GGGAAGGAGGGTGGGA,0.0029339396860450506
paper_RBS_16_train_822,GGGAAGGAGGGTGTAT,0.011038905940949917
paper_RBS_16_train_823,GGGAAGGAGGTAGTTA,0.0285329632461071
paper_RBS_16_train_824,GGGAAGGAGGTCTTGG,0.8995993137359619
paper_RBS_16_train_825,GGGAAGGAGGTGTGTA,0.01773986592888832
paper_RBS_16_train_826,GGGAAGGAGGTTAAGT,0.01732269674539566
paper_RBS_16_train_827,GGGAAGGAGGTTGACC,0.8224892020225525
paper_RBS_16_train_828,GGGAAGGAGGTTGGGG,0.015515932813286781
paper_RBS_16_train_829,GGGAAGGAGGTTTTTG,0.38022899627685547
paper_RBS_16_train_830,GGGCAGGAGAAAGGTT,0.07819471508264542
paper_RBS_16_train_831,GGGCAGGAGAAATATG,0.01960884965956211
paper_RBS_16_train_832,GGGCAGGAGAACGGCG,1.5633759498596191
paper_RBS_16_train_833,GGGCAGGAGAACGTTC,1.0471562147140503
paper_RBS_16_train_834,GGGCAGGAGAACTGGG,2.423614501953125
paper_RBS_16_train_835,GGGCAGGAGAAGCGTG,1.1140488386154175
paper_RBS_16_train_836,GGGCAGGAGAAGGGGA,0.021024363115429878
paper_RBS_16_train_837,GGGCAGGAGAAGGGGT,0.03065386973321438
paper_RBS_16_train_838,GGGCAGGAGAATCTTG,1.7554266452789307
paper_RBS_16_train_839,GGGCAGGAGACAGGTG,0.24736571311950684
paper_RBS_16_train_840,GGGCAGGAGACATTCG,0.5512930154800415
paper_RBS_16_train_841,GGGCAGGAGACGGTAT,0.41835853457450867
paper_RBS_16_train_842,GGGCAGGAGACGTCAC,1.478411078453064
paper_RBS_16_train_843,GGGCAGGAGACGTTAC,0.3887530267238617
paper_RBS_16_train_844,GGGCAGGAGACTTCTC,1.7781119346618652
paper_RBS_16_train_845,GGGCAGGAGAGATGAA,0.07908643037080765
paper_RBS_16_train_846,GGGCAGGAGAGATGAT,0.08146706968545914
paper_RBS_16_train_847,GGGCAGGAGAGATTAT,0.03551579266786575
paper_RBS_16_train_848,GGGCAGGAGAGCCGGG,4.409390449523926
paper_RBS_16_train_849,GGGCAGGAGAGCGCCT,4.745092391967773
paper_RBS_16_train_850,GGGCAGGAGAGGCAAG,0.7270430326461792
paper_RBS_16_train_851,GGGCAGGAGAGGGAGG,0.028518283739686012
paper_RBS_16_train_852,GGGCAGGAGAGGGGGT,0.04039175435900688
paper_RBS_16_train_853,GGGCAGGAGAGGGGTG,0.06538207083940506
paper_RBS_16_train_854,GGGCAGGAGAGGGTGG,0.21289154887199402
paper_RBS_16_train_855,GGGCAGGAGAGGTAGA,0.09915122389793396
paper_RBS_16_train_856,GGGCAGGAGAGGTGAT,0.11951446533203125
paper_RBS_16_train_857,GGGCAGGAGAGTATGT,0.6582654714584351
paper_RBS_16_train_858,GGGCAGGAGAGTCCGT,5.105566024780273
paper_RBS_16_train_859,GGGCAGGAGATACGGG,0.12271749973297119
paper_RBS_16_train_860,GGGCAGGAGATAGTTA,0.33625224232673645
paper_RBS_16_train_861,GGGCAGGAGATCAAAG,0.14048992097377777
paper_RBS_16_train_862,GGGCAGGAGATCCGTG,1.8172467947006226
paper_RBS_16_train_863,GGGCAGGAGATGAGGT,0.11845562607049942
paper_RBS_16_train_864,GGGCAGGAGATGGAAC,0.15005725622177124
paper_RBS_16_train_865,GGGCAGGAGATGGCAA,1.6002339124679565
paper_RBS_16_train_866,GGGCAGGAGATGTAAG,0.9094024300575256
paper_RBS_16_train_867,GGGCAGGAGATGTCCT,6.130378723144531
paper_RBS_16_train_868,GGGCAGGAGATGTGTG,1.4308832883834839
paper_RBS_16_train_869,GGGCAGGAGATTAGTG,0.05225367471575737
paper_RBS_16_train_870,GGGCAGGAGATTGCTG,4.113340377807617
paper_RBS_16_train_871,GGGCAGGAGATTGTTG,1.7976806163787842
paper_RBS_16_train_872,GGGCAGGAGATTTGAT,0.17169174551963806
paper_RBS_16_train_873,GGGCAGGAGATTTTCC,1.2733700275421143
paper_RBS_16_train_874,GGGCAGGAGATTTTTA,0.04573100060224533
paper_RBS_16_train_875,GGGCAGGAGGAATTTG,0.062165871262550354
paper_RBS_16_train_876,GGGCAGGAGGACAGTG,0.2219819575548172
paper_RBS_16_train_877,GGGCAGGAGGATAGGT,0.03093312866985798
paper_RBS_16_train_878,GGGCAGGAGGATGAAT,0.17304763197898865
paper_RBS_16_train_879,GGGCAGGAGGATGGAT,0.19355489313602448
paper_RBS_16_train_880,GGGCAGGAGGATTCTG,1.6543108224868774
paper_RBS_16_train_881,GGGCAGGAGGCATGGG,0.886982262134552
paper_RBS_16_train_882,GGGCAGGAGGGACGGT,0.26583757996559143
paper_RBS_16_train_883,GGGCAGGAGGGAGCGG,1.1315696239471436
paper_RBS_16_train_884,GGGCAGGAGGGATAAG,0.024984383955597878
paper_RBS_16_train_885,GGGCAGGAGGGGAGAA,0.026487885043025017
paper_RBS_16_train_886,GGGCAGGAGGGGCGTA,1.1099165678024292
paper_RBS_16_train_887,GGGCAGGAGGGGTATG,0.10873746126890182
paper_RBS_16_train_888,GGGCAGGAGGGGTTTA,0.2621837556362152
paper_RBS_16_train_889,GGGCAGGAGGGTAGTA,0.19549806416034698
paper_RBS_16_train_890,GGGCAGGAGGGTCTTC,1.9764800071716309
paper_RBS_16_train_891,GGGCAGGAGGGTGATT,0.24070608615875244
paper_RBS_16_train_892,GGGCAGGAGGGTGGGA,0.24457792937755585
paper_RBS_16_train_893,GGGCAGGAGGGTGGGC,0.2972586452960968
paper_RBS_16_train_894,GGGCAGGAGGGTGGTC,1.0733842849731445
paper_RBS_16_train_895,GGGCAGGAGGGTGTGG,0.9868040680885315
paper_RBS_16_train_896,GGGCAGGAGGGTGTTT,1.5910015106201172
paper_RBS_16_train_897,GGGCAGGAGGGTTCTA,1.8271242380142212
paper_RBS_16_train_898,GGGCAGGAGGGTTTTG,0.41309189796447754
paper_RBS_16_train_899,GGGCAGGAGGTAAACA,0.20700640976428986
paper_RBS_16_train_900,GGGCAGGAGGTACATG,0.28804290294647217
paper_RBS_16_train_901,GGGCAGGAGGTACTTA,0.4302719831466675
paper_RBS_16_train_902,GGGCAGGAGGTAGACG,0.2182265669107437
paper_RBS_16_train_903,GGGCAGGAGGTCACGG,1.6352730989456177
paper_RBS_16_train_904,GGGCAGGAGGTCCAGT,4.707586765289307
paper_RBS_16_train_905,GGGCAGGAGGTCTATA,2.1255440711975098
paper_RBS_16_train_906,GGGCAGGAGGTTAGCT,1.0835301876068115
paper_RBS_16_train_907,GGGCAGGAGGTTATGA,0.3387123942375183
paper_RBS_16_train_908,GGGCAGGAGGTTCGTC,1.9725089073181152
paper_RBS_16_train_909,GGGCAGGAGGTTCTGG,2.4540066719055176
paper_RBS_16_train_910,GGGCAGGAGGTTGGCT,2.5106167793273926
paper_RBS_16_train_911,GGGCAGGAGGTTTCTT,0.8399946689605713
paper_RBS_16_train_912,GGGCAGGAGGTTTGAG,0.4209577441215515
paper_RBS_16_train_913,GGGCAGGAGGTTTTCG,0.4897342622280121
paper_RBS_16_train_914,GGGGAGGAGAAATGGT,0.004404508974403143
paper_RBS_16_train_915,GGGGAGGAGAAGTACG,0.08461637794971466
paper_RBS_16_train_916,GGGGAGGAGAGAAAGG,1.094805648556589e-15
paper_RBS_16_train_917,GGGGAGGAGAGTGTCG,0.6756537556648254
paper_RBS_16_train_918,GGGGAGGAGAGTTTAT,0.07970986515283585
paper_RBS_16_train_919,GGGGAGGAGATCGTGG,0.5232143998146057
paper_RBS_16_train_920,GGGGAGGAGATTCTGG,1.4603147506713867
paper_RBS_16_test_0,GCAGGACACACAC,0.12127905339002609
paper_RBS_16_test_1,GCAGGACACACACA,0.165152907371521
paper_RBS_16_test_2,GCAGGACACACACAC,0.16658249497413635
paper_RBS_16_test_3,GCAGGACACACACACA,0.1787673830986023
paper_RBS_16_test_4,GCAGGACACACACACAC,0.1797308623790741
paper_RBS_16_test_5,GCAGGACACACACACACA,0.18782876431941986
paper_RBS_16_test_6,GCAGGACACACACACACAC,0.18848472833633423
paper_RBS_16_test_7,GCAGGAGCACACA,1.128161907196045
paper_RBS_16_test_8,GCAGGAGCACACAC,1.1287521123886108
paper_RBS_16_test_9,GCAGGAGCACACACA,1.133422613143921
paper_RBS_16_test_10,GCAGGAGCACACACAC,1.1338826417922974
paper_RBS_16_test_11,GCAGGAGCACACACACA,1.1375229358673096
paper_RBS_16_test_12,GCAGGAGCACACACACAC,1.1378014087677002
paper_RBS_16_test_13,GCAGGAGCACACACACACA,1.14009690284729
paper_RBS_16_test_14,CAAGGAGCACACA,0.07744211703538895
paper_RBS_16_test_15,CAAGGAGCACACAC,0.08046374469995499
paper_RBS_16_test_16,CAAGGAGCACACACA,0.10252232849597931
paper_RBS_16_test_17,CAAGGAGCACACACAC,0.10477586090564728
paper_RBS_16_test_18,AAGGAGCACACACACA,0.11954531818628311
paper_RBS_16_test_19,AAGGAGCACACACACAC,0.12082701921463013
paper_RBS_16_test_20,CAAGGAGCACACACACACA,0.1317513883113861
paper_RBS_16_test_21,CAAGGAGGCACAC,0.10792574286460876
paper_RBS_16_test_22,CAAGGAGGCACACA,0.17875170707702637
paper_RBS_16_test_23,CAAGGAGGCACACAC,0.18437133729457855
paper_RBS_16_test_24,CAAGGAGGCACACACA,0.22493624687194824
paper_RBS_16_test_25,AAGGAGGCACACACAC,0.22385473549365997
paper_RBS_16_test_26,AAGGAGGCACACACACA,0.2570020854473114
paper_RBS_16_test_27,CAAGGAGGCACACACACAC,0.2654530704021454
paper_RBS_16_test_28,TAAGGAGGCACAC,0.10214665532112122
paper_RBS_16_test_29,TAAGGAGGCACACA,0.17365923523902893
paper_RBS_16_test_30,TAAGGAGGCACACAC,0.17943409085273743
paper_RBS_16_test_31,TAAGGAGGCACACACA,0.22035105526447296
paper_RBS_16_test_32,TAAGGAGGCACACACAC,0.22500386834144592
paper_RBS_16_test_33,TAAGGAGGCACACACACA,0.25813916325569153
paper_RBS_16_test_34,TAAGGAGGCACACACACAC,0.26130613684654236
paper_RBS_16_test_35,TAAGGAGGTCACA,0.09592700749635696
paper_RBS_16_test_36,TAAGGAGGTCACAC,0.10836223512887955
paper_RBS_16_test_37,TAAGGAGGTCACACA,0.19427518546581268
paper_RBS_16_test_38,TAAGGAGGTCACACAC,0.20679974555969238
paper_RBS_16_test_39,TAAGGAGGTCACACACA,0.29356032609939575
paper_RBS_16_test_40,TAAGGAGGTCACACACAC,0.30202457308769226
paper_RBS_16_test_41,TAAGGAGGTCACACACACA,0.3621428608894348
paper_RBS_16_test_42,CAAGGAGGTCACA,0.10251596570014954
paper_RBS_16_test_43,CAAGGAGGTCACAC,0.11479437351226807
paper_RBS_16_test_44,CAAGGAGGTCACACA,0.1999485343694687
paper_RBS_16_test_45,CAAGGAGGTCACACAC,0.21231921017169952
paper_RBS_16_test_46,AAGGAGGTCACACACA,0.2926676571369171
paper_RBS_16_test_47,AAGGAGGTCACACACAC,0.30108100175857544
paper_RBS_16_test_48,CAAGGAGGTCACACACACA,0.3664904236793518
paper_RBS_16_test_49,GCAGGATGTGTGTGTG,1.1234519481658936
paper_RBS_16_test_50,GCAGGAGTGTGTGTGT,1.4255402088165283
paper_RBS_16_test_51,CAAGGAGTGTGTGTGT,0.03989090770483017
paper_RBS_16_test_52,AAGGAGTGTGTGTGTG,0.015634506940841675
paper_RBS_16_test_53,AAGGAGTGTGTGTGTGT,0.016763992607593536
paper_RBS_16_test_54,CAAGGAGGGTGTGTGT,0.04471937566995621
paper_RBS_16_test_55,AAGGAGGGTGTGTGTG,0.020674273371696472
paper_RBS_16_test_56,AAGGAGGGTGTGTGTGT,0.025271493941545486
paper_RBS_16_test_57,TAAGGAGGGTGTGTGT,0.017902716994285583
paper_RBS_16_test_58,TAAGGAGGGTGTGTGTG,0.02330496907234192
paper_RBS_16_test_59,TAAGGAGGGTGTGTGTGT,0.028453411534428596
paper_RBS_16_test_60,AAGGAGGTGTGTGTGT,0.019233478233218193
paper_RBS_16_test_61,AAGGAGGTGTGTGTGTG,0.02242921106517315
RBS_16_spacer_5_vol_1,AGAGGAGAAATTTTGA,0.17731298506259918
RBS_16_spacer_5_vol_2,AGAGGAGAAAATAGTA,0.006969527807086706
RBS_16_spacer_5_vol_3,AGAGGAGAAATGAAGA,0.003758610226213932
RBS_16_spacer_5_vol_4,AGAGGAGAAATGGCGA,0.028485208749771118
RBS_16_spacer_5_vol_5,AGAGGAGAAAGCCCCA,1.6093515157699585
RBS_16_spacer_5_vol_6,AGAGGAGAAATCATAA,0.3279522955417633
RBS_16_spacer_5_vol_7,AGAGGAGAAAGATCTA,1.1610925197601318
RBS_16_spacer_5_vol_8,AGAGGAGAAACGTAAA,0.08971677720546722
RBS_16_spacer_5_vol_9,AGAGGAGAAACAATTA,0.08621367812156677
RBS_16_spacer_5_vol_10,AGAGGAGAAAAATTCA,0.8130773305892944
RBS_16_spacer_5_vol_11,AGAGGAGAAATGAACA,0.01858287677168846
RBS_16_spacer_5_vol_12,AGAGGAGAAAGAAGGA,1.094805648556589e-15
RBS_16_spacer_5_vol_13,AGAGGAGAAACCTCGA,4.615303993225098
RBS_16_spacer_5_vol_14,AGAGGAGAAACCCTTA,3.3882453441619873
RBS_16_spacer_5_vol_15,AGAGGAGAAAGACACA,0.08697038143873215
RBS_16_spacer_5_vol_16,AGAGGAGAAATGGATA,0.006358146667480469
RBS_16_spacer_5_vol_17,AGAGGAGAAAGTTCGA,0.6267132759094238
RBS_16_spacer_5_vol_18,AGAGGAGAAACGACTA,0.3303737938404083
RBS_16_spacer_5_vol_19,AGAGGAGAAATGGAGA,0.003758610226213932
RBS_16_spacer_5_vol_20,AGAGGAGAAAAGAGAA,1.094805648556589e-15
RBS_16_spacer_5_vol_21,AGAGGAGAAAATCCTA,3.9534859657287598
RBS_16_spacer_5_vol_22,AGAGGAGAAATGAAAA,0.0037971502169966698
RBS_16_spacer_5_vol_23,AGAGGAGAAACGCGGA,0.15095575153827667
RBS_16_spacer_5_vol_24,AGAGGAGAAATCTTTA,2.6445372104644775
RBS_16_spacer_5_vol_25,AGAGGAGAAACATTTA,0.16993162035942078
RBS_16_spacer_5_vol_26,AGAGGAGAAAACTAGA,0.21998047828674316
RBS_16_spacer_5_vol_27,AGAGGAGAAAGCTCGA,2.4171535968780518
RBS_16_spacer_5_vol_28,AGAGGAGAAAACAGTA,0.04027947783470154
RBS_16_spacer_5_vol_29,AGAGGAGAAAGTTAAA,0.024621818214654922
RBS_16_spacer_5_vol_30,AGAGGAGAAAAAAGGA,1.094805648556589e-15
RBS_16_spacer_5_vol_31,AGAGGAGAAATTTATA,0.08205132186412811
RBS_16_spacer_5_vol_32,AGAGGAGAAAAGGTGA,0.0022941867355257273
RBS_16_spacer_5_vol_33,AGAGGAGAAAGTTAGA,0.024621818214654922
RBS_16_spacer_5_vol_34,AGAGGAGAAAGGTAGA,0.003855946706607938
RBS_16_spacer_5_vol_35,AGAGGAGAAACGGTTA,0.07950931787490845
RBS_16_spacer_5_vol_36,AGAGGAGAAAGAGAGA,1.094805648556589e-15
RBS_16_spacer_5_vol_37,AGAGGAGAAATATGAA,0.007507093250751495
RBS_16_spacer_5_vol_38,AGAGGAGAAACTAGCA,0.4015716016292572
RBS_16_spacer_5_vol_39,AGAGGAGAAAGCATTA,0.05474012345075607
RBS_16_spacer_5_vol_40,AGAGGAGAAAGTCGTA,0.6004096269607544
RBS_16_spacer_5_vol_41,AGAGGAGAAATAGTCA,0.22752395272254944
RBS_16_spacer_5_vol_42,AGAGGAGAAATCCGAA,2.737804889678955
RBS_16_spacer_5_vol_43,AGAGGAGAAACGCCGA,0.6054742932319641
RBS_16_spacer_5_vol_44,AGAGGAGAAACCGTCA,1.7816061973571777
RBS_16_spacer_5_vol_45,AGAGGAGAAACCATGA,0.592841386795044
RBS_16_spacer_5_vol_46,AGAGGAGAAAGTGTGA,0.010952276177704334
RBS_16_spacer_5_vol_47,AGAGGAGAAAGCGTGA,0.057546209543943405
RBS_16_spacer_5_vol_48,AGAGGAGAAAGTCTTA,1.680780291557312
RBS_16_spacer_5_vol_49,AGAGGAGAAATTATGA,0.026839036494493484
RBS_16_spacer_5_vol_50,AGAGGAGAAATGGTCA,0.21416109800338745
RBS_16_spacer_5_vol_51,AGAGGAGAAACATCGA,0.5462881326675415
RBS_16_spacer_5_vol_52,AGAGGAGAAATCATCA,1.1049110889434814
RBS_16_spacer_5_vol_53,AGAGGAGAAACGGATA,0.06558234244585037
RBS_16_spacer_5_vol_54,AGAGGAGAAAGGGTGA,0.0022941867355257273
RBS_16_spacer_5_vol_55,AGAGGAGAAACTAATA,0.39172104001045227
RBS_16_spacer_5_vol_56,AGAGGAGAAATTCGCA,0.943092942237854
RBS_16_spacer_5_vol_57,AGAGGAGAAAGACACA,0.08697038143873215
RBS_16_spacer_5_vol_58,AGAGGAGAAATAAGAA,0.0037717148661613464
RBS_16_spacer_5_vol_59,AGAGGAGAAATGGGCA,0.01710471883416176
RBS_16_spacer_5_vol_60,AGAGGAGAAAGGGTTA,0.01627829484641552
RBS_16_spacer_5_vol_61,AGAGGAGAAAGCGGCA,0.06956521421670914
RBS_16_spacer_5_vol_62,AGAGGAGAAATAAAAA,0.0037717148661613464
RBS_16_spacer_5_vol_63,AGAGGAGAAAATTTTA,0.179724782705307
RBS_16_spacer_5_vol_64,AGAGGAGAAACGGGCA,0.07467444241046906
RBS_16_spacer_5_vol_65,AGAGGAGAAAAGTTGA,0.01902996003627777
RBS_16_spacer_5_vol_66,AGAGGAGAAAGGTGGA,0.003423749702051282
RBS_16_spacer_5_vol_67,AGAGGAGAAACTGTAA,0.7199082970619202
RBS_16_spacer_5_vol_68,AGAGGAGAAAGTGGTA,0.007415262516587973
RBS_16_spacer_5_vol_69,AGAGGAGAAATCGTTA,1.4057403802871704
RBS_16_spacer_5_vol_70,AGAGGAGAAATCGACA,0.5868849754333496
RBS_16_spacer_5_vol_71,AGAGGAGAAAGCTGTA,0.38200774788856506
RBS_16_spacer_5_vol_72,AGAGGAGAAATCCGAA,2.737804889678955
RBS_16_spacer_5_vol_73,AGAGGAGAAATGTGCA,0.08707299083471298
RBS_16_spacer_5_vol_74,AGAGGAGAAAGGCCGA,0.45737215876579285
RBS_16_spacer_5_vol_75,AGAGGAGAAAGTCTGA,0.9616928696632385
RBS_16_spacer_5_vol_76,AGAGGAGAAAGGCCAA,0.5072125196456909
RBS_16_spacer_5_vol_77,AGAGGAGAAAAACGAA,0.05105924233794212
RBS_16_spacer_5_vol_78,AGAGGAGAAAGGGATA,0.00399146368727088
RBS_16_spacer_5_vol_79,AGAGGAGAAAAGCCCA,1.1712942123413086
RBS_16_spacer_5_vol_80,AGAGGAGAAATGTCTA,1.157483696937561
RBS_16_spacer_5_vol_81,AGAGGAGAAATTGGGA,0.017059432342648506
RBS_16_spacer_5_vol_82,AGAGGAGAAAGTTGGA,0.016092773526906967
RBS_16_spacer_5_vol_83,AGAGGAGAAAGATGGA,0.003625153563916683
RBS_16_spacer_5_vol_84,AGAGGAGAAATAAGTA,0.006644724868237972
RBS_16_spacer_5_vol_85,AGAGGAGAAAGCGCAA,0.08079630881547928
RBS_16_spacer_5_vol_86,AGAGGAGAAAACTGAA,0.22920958697795868
RBS_16_spacer_5_vol_87,AGAGGAGAAAGTCATA,0.386667937040329
RBS_16_spacer_5_vol_88,AGAGGAGAAAGTGGTA,0.007415262516587973
RBS_16_spacer_5_vol_89,AGAGGAGAAACTTTGA,1.60526442527771
RBS_16_spacer_5_vol_90,AGAGGAGAAAGAGCCA,0.8056983351707458
RBS_16_spacer_5_vol_91,AGAGGAGAAAGGACAA,0.02429867535829544
RBS_16_spacer_5_vol_92,AGAGGAGAAAGCTTTA,1.245547890663147
RBS_16_spacer_5_vol_93,AGAGGAGAAAACGGAA,0.032396573573350906
RBS_16_spacer_5_vol_94,AGAGGAGAAATTTTGA,0.17731298506259918
RBS_16_spacer_5_vol_95,AGAGGAGAAAAGTCCA,2.927856206893921
RBS_16_spacer_5_vol_96,AGAGGAGAAACCTCCA,5.3193864822387695
RBS_16_spacer_5_vol_97,AGAGGAGAAAGGTTCA,0.8310151100158691
RBS_16_spacer_5_vol_98,AGAGGAGAAAGTCCGA,2.530027151107788
RBS_16_spacer_5_vol_99,AGAGGAGAAAGCCTCA,5.207650661468506
RBS_16_spacer_5_vol_100,AGAGGAGAAAATTATA,0.03042077086865902
RBS_16_spacer_6_vol_1,GAGGAGAAAGTATATA,0.008554295636713505
RBS_16_spacer_6_vol_2,GAGGAGAAACTACTCA,2.7523107528686523
RBS_16_spacer_6_vol_3,GAGGAGAAAACCCAAA,1.092438817024231
RBS_16_spacer_6_vol_4,GAGGAGAAAGGCGTCA,1.089494228363037
RBS_16_spacer_6_vol_5,GAGGAGAAATCTCGGA,2.6034493446350098
RBS_16_spacer_6_vol_6,GAGGAGAAAGCTGTCA,0.8082130551338196
RBS_16_spacer_6_vol_7,GAGGAGAAAGAATACA,0.02441081777215004
RBS_16_spacer_6_vol_8,GAGGAGAAATAACGGA,0.028173653408885002
RBS_16_spacer_6_vol_9,GAGGAGAAACGGTACA,0.08449891954660416
RBS_16_spacer_6_vol_10,GAGGAGAAATGGAGTA,0.006034345831722021
RBS_16_spacer_6_vol_11,GAGGAGAAAGTTCATA,0.6991860270500183
RBS_16_spacer_6_vol_12,GAGGAGAAAGTTCTGA,1.4105925559997559
RBS_16_spacer_6_vol_13,GAGGAGAAAGACGACA,0.13748690485954285
RBS_16_spacer_6_vol_14,GAGGAGAAAAGTGTTA,0.049919772893190384
RBS_16_spacer_6_vol_15,GAGGAGAAAGCTGGAA,0.18562787771224976
RBS_16_spacer_6_vol_16,GAGGAGAAAATCAGGA,0.4697611927986145
RBS_16_spacer_6_vol_17,GAGGAGAAAGCGCAAA,0.08869322389364243
RBS_16_spacer_6_vol_18,GAGGAGAAACGGGCAA,0.07833725959062576
RBS_16_spacer_6_vol_19,GAGGAGAAAGGGCAAA,0.024634895846247673
RBS_16_spacer_6_vol_20,GAGGAGAAACTGTTCA,2.219616413116455
RBS_16_spacer_6_vol_21,GAGGAGAAACGAGATA,0.0655498281121254
RBS_16_spacer_6_vol_22,GAGGAGAAACAACCAA,0.698486864566803
RBS_16_spacer_6_vol_23,GAGGAGAAAAAGATAA,0.0030478902626782656
RBS_16_spacer_6_vol_24,GAGGAGAAAATTAGAA,0.022254643961787224
RBS_16_spacer_6_vol_25,GAGGAGAAATTTTTTA,0.4708620011806488
RBS_16_spacer_6_vol_26,GAGGAGAAAGGAGCGA,0.012917697429656982
RBS_16_spacer_6_vol_27,GAGGAGAAATGGCAGA,0.02947624959051609
RBS_16_spacer_6_vol_28,GAGGAGAAAGTTCGCA,0.9609200358390808
RBS_16_spacer_6_vol_29,GAGGAGAAACATCCCA,3.118959426879883
RBS_16_spacer_6_vol_30,GAGGAGAAATGGGTGA,0.0066061364486813545
RBS_16_spacer_6_vol_31,GAGGAGAAACCAGCCA,0.7591473460197449
RBS_16_spacer_6_vol_32,GAGGAGAAACTGTCGA,0.8088830709457397
RBS_16_spacer_6_vol_33,GAGGAGAAATTACGGA,0.05242122709751129
RBS_16_spacer_6_vol_34,GAGGAGAAAGCACTGA,0.22908835113048553
RBS_16_spacer_6_vol_35,GAGGAGAAACGTGGTA,0.09603563696146011
RBS_16_spacer_6_vol_36,GAGGAGAAAGGGTCGA,0.23915506899356842
RBS_16_spacer_6_vol_37,GAGGAGAAAAGTTGTA,0.06551212072372437
RBS_16_spacer_6_vol_38,GAGGAGAAATAATGTA,0.01231196615844965
RBS_16_spacer_6_vol_39,GAGGAGAAATTTCGAA,0.680904746055603
RBS_16_spacer_6_vol_40,GAGGAGAAAGGCGCGA,0.10731600224971771
RBS_16_spacer_6_vol_41,GAGGAGAAAAGGGTGA,0.0031612832099199295
RBS_16_spacer_6_vol_42,GAGGAGAAATAGGCAA,0.017860915511846542
RBS_16_spacer_6_vol_43,GAGGAGAAAGGAGGAA,1.094805648556589e-15
RBS_16_spacer_6_vol_44,GAGGAGAAATGGGGTA,0.006034345831722021
RBS_16_spacer_6_vol_45,GAGGAGAAACCCGAAA,1.1537463665008545
RBS_16_spacer_6_vol_46,GAGGAGAAAATGTAAA,0.010495349764823914
RBS_16_spacer_6_vol_47,GAGGAGAAACCCGCAA,1.6254891157150269
RBS_16_spacer_6_vol_48,GAGGAGAAATTTTCTA,2.1854960918426514
RBS_16_spacer_6_vol_49,GAGGAGAAAGTGTCTA,0.916386067867279
RBS_16_spacer_6_vol_50,GAGGAGAAAGGTTCTA,1.6183925867080688
RBS_16_spacer_6_vol_51,GAGGAGAAAGACTTAA,0.9311801791191101
RBS_16_spacer_6_vol_52,GAGGAGAAAGGGTTCA,0.6718799471855164
RBS_16_spacer_6_vol_53,GAGGAGAAAAGACGGA,0.02363905869424343
RBS_16_spacer_6_vol_54,GAGGAGAAATGATAAA,0.007316972129046917
RBS_16_spacer_6_vol_55,GAGGAGAAAGGCCGCA,0.8811420202255249
RBS_16_spacer_6_vol_56,GAGGAGAAAATAGTTA,0.026676993817090988
RBS_16_spacer_6_vol_57,GAGGAGAAATCGCGCA,0.6386226415634155
RBS_16_spacer_6_vol_58,GAGGAGAAAGATCTCA,3.223996639251709
RBS_16_spacer_6_vol_59,GAGGAGAAACCCTCCA,5.376267433166504
RBS_16_spacer_6_vol_60,GAGGAGAAAAGGCTTA,0.6022083163261414
RBS_16_spacer_6_vol_61,GAGGAGAAATCTTAAA,1.5942175388336182
RBS_16_spacer_6_vol_62,GAGGAGAAACGCGGTA,0.19222919642925262
RBS_16_spacer_6_vol_63,GAGGAGAAAATCGCCA,1.7592425346374512
RBS_16_spacer_6_vol_64,GAGGAGAAAATATCAA,0.24372375011444092
RBS_16_spacer_6_vol_65,GAGGAGAAAACCTTCA,3.107032537460327
RBS_16_spacer_6_vol_66,GAGGAGAAAAGTTTTA,0.2206389456987381
RBS_16_spacer_6_vol_67,GAGGAGAAAACCCGAA,1.0549461841583252
RBS_16_spacer_6_vol_68,GAGGAGAAAATGCTTA,1.022842288017273
RBS_16_spacer_6_vol_69,GAGGAGAAATCCGTTA,2.8324573040008545
RBS_16_spacer_6_vol_70,GAGGAGAAACGACGGA,0.1321495622396469
RBS_16_spacer_6_vol_71,GAGGAGAAATGTCACA,0.5424690842628479
RBS_16_spacer_6_vol_72,GAGGAGAAATAACACA,0.05519375950098038
RBS_16_spacer_6_vol_73,GAGGAGAAAGTGAACA,0.025143610313534737
RBS_16_spacer_6_vol_74,GAGGAGAAAACATTTA,0.09654945135116577
RBS_16_spacer_6_vol_75,GAGGAGAAAGGGTCTA,0.739418625831604
RBS_16_spacer_6_vol_76,GAGGAGAAAACCGTTA,0.7720925807952881
RBS_16_spacer_6_vol_77,GAGGAGAAAGGCAGTA,0.046066492795944214
RBS_16_spacer_6_vol_78,GAGGAGAAAACTCGTA,2.958770751953125
RBS_16_spacer_6_vol_79,GAGGAGAAATATTCTA,1.6373728513717651
RBS_16_spacer_6_vol_80,GAGGAGAAATGGCATA,0.03296845778822899
RBS_16_spacer_6_vol_81,GAGGAGAAAACGGGTA,0.03544213995337486
RBS_16_spacer_6_vol_82,GAGGAGAAATCTATCA,1.5668554306030273
RBS_16_spacer_6_vol_83,GAGGAGAAAGGACTTA,0.587294340133667
RBS_16_spacer_6_vol_84,GAGGAGAAAGGTATGA,0.008180003613233566
RBS_16_spacer_6_vol_85,GAGGAGAAACGGATCA,0.40004444122314453
RBS_16_spacer_6_vol_86,GAGGAGAAACGTATGA,0.09334547817707062
RBS_16_spacer_6_vol_87,GAGGAGAAATAGGTAA,0.006461725570261478
RBS_16_spacer_6_vol_88,GAGGAGAAAGGTCCCA,3.0253467559814453
RBS_16_spacer_6_vol_89,GAGGAGAAAAATACAA,0.02157067507505417
RBS_16_spacer_6_vol_90,GAGGAGAAATTGACGA,0.06004904583096504
RBS_16_spacer_6_vol_91,GAGGAGAAAATTTTCA,2.1830220222473145
RBS_16_spacer_6_vol_92,GAGGAGAAAACAGGTA,0.03712020441889763
RBS_16_spacer_6_vol_93,GAGGAGAAATTAGTTA,0.04353010281920433
RBS_16_spacer_6_vol_94,GAGGAGAAACTTATGA,0.9749059677124023
RBS_16_spacer_6_vol_95,GAGGAGAAAGGGGTCA,0.3186595141887665
RBS_16_spacer_6_vol_96,GAGGAGAAACGGTGTA,0.07874316722154617
RBS_16_spacer_6_vol_97,GAGGAGAAATCGTGCA,0.8423793315887451
RBS_16_spacer_6_vol_98,GAGGAGAAAGTACGGA,0.02955157309770584
RBS_16_spacer_6_vol_99,GAGGAGAAAAGTTTAA,0.07698076963424683
RBS_16_spacer_6_vol_100,GAGGAGAAAGGTGATA,0.007181494031101465
